session,subject,camera,source_camera,use,reason,timing,quality,versions,screened_at
behavior_800886_2025-08-18_13-14-52,800886,BottomCamera,bottom_camera,True,,use,use,aind_dynamic_foraging_behavior_video_analysis=0.2.0; aind_video_utils=0.7.0,2026-10-02T19:15:40+00:00
behavior_800886_2025-08-18_13-14-52,800886,SideCameraRight,side_camera_right,True,,use,use,aind_dynamic_foraging_behavior_video_analysis=0.2.0; aind_video_utils=0.7.0,2026-10-02T19:18:34+00:00
behavior_800886_2025-08-19_13-12-13,800886,BottomCamera,bottom_camera,True,,use,use,aind_dynamic_foraging_behavior_video_analysis=0.2.0; aind_video_utils=0.7.0,2026-10-02T19:15:40+00:00
behavior_800886_2025-08-19_13-12-13,800886,SideCameraRight,side_camera_right,True,,use,use,aind_dynamic_foraging_behavior_video_analysis=0.2.0; aind_video_utils=0.7.0,2026-10-02T19:18:34+00:00
behavior_800886_2025-08-20_13-13-05,800886,BottomCamera,bottom_camera,True,,use,use,aind_dynamic_foraging_behavior_video_analysis=0.2.0; aind_video_utils=0.7.0,2026-10-02T19:15:40+00:00
behavior_800886_2025-08-20_13-13-05,800886,SideCameraRight,side_camera_right,True,,use,use,aind_dynamic_foraging_behavior_video_analysis=0.2.0; aind_video_utils=0.7.0,2026-10-02T19:18:31+00:00
behavior_800886_2025-08-21_13-13-52,800886,BottomCamera,bottom_camera,True,,use,use,aind_dynamic_foraging_behavior_video_analysis=0.2.0; aind_video_utils=0.7.0,2026-10-02T19:15:40+00:00
behavior_800886_2025-08-21_13-13-52,800886,SideCameraRight,side_camera_right,True,,use,use,aind_dynamic_foraging_behavior_video_analysis=0.2.0; aind_video_utils=0.7.0,2026-10-02T19:18:32+00:00
behavior_800886_2025-08-22_12-58-02,800886,BottomCamera,bottom_camera,True,,use,use,aind_dynamic_foraging_behavior_video_analysis=0.2.0; aind_video_utils=0.7.0,2026-10-02T19:15:40+00:00
behavior_800886_2025-08-22_12-58-02,800886,SideCameraRight,side_camera_right,True,,use,use,aind_dynamic_foraging_behavior_video_analysis=0.2.0; aind_video_utils=0.7.0,2026-10-02T19:18:31+00:00
behavior_800886_2025-08-25_12-22-29,800886,BottomCamera,bottom_camera,True,,use,use,aind_dynamic_foraging_behavior_video_analysis=0.2.0; aind_video_utils=0.7.0,2026-10-02T19:15:40+00:00
behavior_800886_2025-08-25_12-22-29,800886,SideCameraRight,side_camera_right,True,,use,use,aind_dynamic_foraging_behavior_video_analysis=0.2.0; aind_video_utils=0.7.0,2026-10-02T19:18:34+00:00
behavior_800886_2025-08-26_13-15-13,800886,BottomCamera,bottom_camera,False,timing: exclude: harp_evenly_spaced,exclude: harp_evenly_spaced,use,aind_dynamic_foraging_behavior_video_analysis=0.2.0; aind_video_utils=0.7.0,2026-10-02T19:15:40+00:00
behavior_800886_2025-08-26_13-15-13,800886,SideCameraRight,side_camera_right,False,timing: exclude: harp_evenly_spaced,exclude: harp_evenly_spaced,use,aind_dynamic_foraging_behavior_video_analysis=0.2.0; aind_video_utils=0.7.0,2026-10-02T19:18:33+00:00
behavior_800886_2025-08-27_13-32-46,800886,BottomCamera,bottom_camera,True,,use,use,aind_dynamic_foraging_behavior_video_analysis=0.2.0; aind_video_utils=0.7.0,2026-10-02T19:15:40+00:00
behavior_800886_2025-08-27_13-32-46,800886,SideCameraRight,side_camera_right,True,,use,use,aind_dynamic_foraging_behavior_video_analysis=0.2.0; aind_video_utils=0.7.0,2026-10-02T19:18:33+00:00
behavior_800886_2025-08-28_13-17-08,800886,BottomCamera,bottom_camera,True,,use,use,aind_dynamic_foraging_behavior_video_analysis=0.2.0; aind_video_utils=0.7.0,2026-10-02T19:21:20+00:00
behavior_800886_2025-08-28_13-17-08,800886,SideCameraRight,side_camera_right,True,,use,use,aind_dynamic_foraging_behavior_video_analysis=0.2.0; aind_video_utils=0.7.0,2026-10-02T19:23:59+00:00
behavior_800886_2025-08-29_13-19-29,800886,BottomCamera,bottom_camera,True,,use,use,aind_dynamic_foraging_behavior_video_analysis=0.2.0; aind_video_utils=0.7.0,2026-10-02T19:21:42+00:00
behavior_800886_2025-08-29_13-19-29,800886,SideCameraRight,side_camera_right,True,,use,use,aind_dynamic_foraging_behavior_video_analysis=0.2.0; aind_video_utils=0.7.0,2026-10-02T19:24:12+00:00
behavior_800886_2025-09-03_13-03-45,800886,BottomCamera,bottom_camera,True,,use,use,aind_dynamic_foraging_behavior_video_analysis=0.2.0; aind_video_utils=0.7.0,2026-10-02T19:21:42+00:00
behavior_800886_2025-09-03_13-03-45,800886,SideCameraRight,side_camera_right,True,,use,use,aind_dynamic_foraging_behavior_video_analysis=0.2.0; aind_video_utils=0.7.0,2026-10-02T19:24:23+00:00
behavior_800886_2025-09-05_13-58-04,800886,BottomCamera,bottom_camera,True,,use,use,aind_dynamic_foraging_behavior_video_analysis=0.2.0; aind_video_utils=0.7.0,2026-10-02T19:21:42+00:00
behavior_800886_2025-09-05_13-58-04,800886,SideCameraRight,side_camera_right,True,,use,use,aind_dynamic_foraging_behavior_video_analysis=0.2.0; aind_video_utils=0.7.0,2026-10-02T19:24:53+00:00
behavior_800886_2025-09-08_14-23-50,800886,BottomCamera,bottom_camera,True,,use,use,aind_dynamic_foraging_behavior_video_analysis=0.2.0; aind_video_utils=0.7.0,2026-10-02T19:21:43+00:00
behavior_800886_2025-09-08_14-23-50,800886,SideCameraRight,side_camera_right,True,,use,use,aind_dynamic_foraging_behavior_video_analysis=0.2.0; aind_video_utils=0.7.0,2026-10-02T19:24:42+00:00
behavior_800886_2025-09-09_13-41-11,800886,BottomCamera,bottom_camera,True,,use,use,aind_dynamic_foraging_behavior_video_analysis=0.2.0; aind_video_utils=0.7.0,2026-10-02T19:21:43+00:00
behavior_800886_2025-09-09_13-41-11,800886,SideCameraRight,side_camera_right,True,,use,use,aind_dynamic_foraging_behavior_video_analysis=0.2.0; aind_video_utils=0.7.0,2026-10-02T19:24:43+00:00
behavior_800886_2025-09-11_13-52-51,800886,BottomCamera,bottom_camera,True,,use,use,aind_dynamic_foraging_behavior_video_analysis=0.2.0; aind_video_utils=0.7.0,2026-10-02T19:21:43+00:00
behavior_800886_2025-09-11_13-52-51,800886,SideCameraRight,side_camera_right,True,,use,use,aind_dynamic_foraging_behavior_video_analysis=0.2.0; aind_video_utils=0.7.0,2026-10-02T19:24:24+00:00
behavior_808054_2025-09-02_10-38-37,808054,BottomCamera,bottom_camera,True,,use,use,aind_dynamic_foraging_behavior_video_analysis=0.2.0; aind_video_utils=0.7.0,2026-10-02T21:05:22+00:00
behavior_808054_2025-09-02_10-38-37,808054,SideCameraRight,side_camera_right,True,,use,use,aind_dynamic_foraging_behavior_video_analysis=0.2.0; aind_video_utils=0.7.0,2026-10-02T21:06:51+00:00
behavior_808054_2025-09-03_09-59-42,808054,BottomCamera,bottom_camera,True,,use,use,aind_dynamic_foraging_behavior_video_analysis=0.2.0; aind_video_utils=0.7.0,2026-10-02T21:05:34+00:00
behavior_808054_2025-09-03_09-59-42,808054,SideCameraRight,side_camera_right,True,,use,use,aind_dynamic_foraging_behavior_video_analysis=0.2.0; aind_video_utils=0.7.0,2026-10-02T21:06:52+00:00
behavior_808054_2025-09-04_10-31-27,808054,BottomCamera,bottom_camera,True,,use,use,aind_dynamic_foraging_behavior_video_analysis=0.2.0; aind_video_utils=0.7.0,2026-10-02T21:06:40+00:00
behavior_808054_2025-09-04_10-31-27,808054,SideCameraRight,side_camera_right,True,,use,use,aind_dynamic_foraging_behavior_video_analysis=0.2.0; aind_video_utils=0.7.0,2026-10-02T21:08:05+00:00
behavior_808054_2025-09-05_10-34-31,808054,BottomCamera,bottom_camera,True,,use,use,aind_dynamic_foraging_behavior_video_analysis=0.2.0; aind_video_utils=0.7.0,2026-10-02T21:06:47+00:00
behavior_808054_2025-09-05_10-34-31,808054,SideCameraRight,side_camera_right,True,,use,use,aind_dynamic_foraging_behavior_video_analysis=0.2.0; aind_video_utils=0.7.0,2026-10-02T21:08:16+00:00
behavior_808054_2025-09-08_10-33-04,808054,BottomCamera,bottom_camera,True,,use,use,aind_dynamic_foraging_behavior_video_analysis=0.2.0; aind_video_utils=0.7.0,2026-10-02T21:07:24+00:00
behavior_808054_2025-09-08_10-33-04,808054,SideCameraRight,side_camera_right,True,,use,use,aind_dynamic_foraging_behavior_video_analysis=0.2.0; aind_video_utils=0.7.0,2026-10-02T21:09:15+00:00
behavior_808054_2025-09-09_10-37-08,808054,BottomCamera,bottom_camera,False,timing: exclude: harp_evenly_spaced,exclude: harp_evenly_spaced,use,aind_dynamic_foraging_behavior_video_analysis=0.2.0; aind_video_utils=0.7.0,2026-10-02T21:07:26+00:00
behavior_808054_2025-09-09_10-37-08,808054,SideCameraRight,side_camera_right,False,timing: exclude: harp_evenly_spaced,exclude: harp_evenly_spaced,use,aind_dynamic_foraging_behavior_video_analysis=0.2.0; aind_video_utils=0.7.0,2026-10-02T21:09:07+00:00
behavior_808054_2025-09-10_10-28-53,808054,BottomCamera,bottom_camera,True,,use,use,aind_dynamic_foraging_behavior_video_analysis=0.2.0; aind_video_utils=0.7.0,2026-10-02T21:07:54+00:00
behavior_808054_2025-09-10_10-28-53,808054,SideCameraRight,side_camera_right,True,,use,use,aind_dynamic_foraging_behavior_video_analysis=0.2.0; aind_video_utils=0.7.0,2026-10-02T21:09:25+00:00
behavior_808054_2025-09-11_10-27-11,808054,BottomCamera,bottom_camera,True,,use,use,aind_dynamic_foraging_behavior_video_analysis=0.2.0; aind_video_utils=0.7.0,2026-10-02T21:08:13+00:00
behavior_808054_2025-09-11_10-27-11,808054,SideCameraRight,side_camera_right,True,,use,use,aind_dynamic_foraging_behavior_video_analysis=0.2.0; aind_video_utils=0.7.0,2026-10-02T21:09:47+00:00
behavior_808054_2025-09-12_10-24-04,808054,BottomCamera,bottom_camera,True,,use,use,aind_dynamic_foraging_behavior_video_analysis=0.2.0; aind_video_utils=0.7.0,2026-10-02T21:08:17+00:00
behavior_808054_2025-09-12_10-24-04,808054,SideCameraRight,side_camera_right,True,,use,use,aind_dynamic_foraging_behavior_video_analysis=0.2.0; aind_video_utils=0.7.0,2026-10-02T21:09:52+00:00
behavior_808054_2025-09-15_10-40-01,808054,BottomCamera,bottom_camera,True,,use,use,aind_dynamic_foraging_behavior_video_analysis=0.2.0; aind_video_utils=0.7.0,2026-10-02T21:08:37+00:00
behavior_808054_2025-09-15_10-40-01,808054,SideCameraRight,side_camera_right,True,,use,use,aind_dynamic_foraging_behavior_video_analysis=0.2.0; aind_video_utils=0.7.0,2026-10-02T21:09:59+00:00
behavior_808054_2025-09-16_10-29-48,808054,BottomCamera,bottom_camera,True,,use,use,aind_dynamic_foraging_behavior_video_analysis=0.2.0; aind_video_utils=0.7.0,2026-10-02T21:09:37+00:00
behavior_808054_2025-09-16_10-29-48,808054,SideCameraRight,side_camera_right,True,,use,use,aind_dynamic_foraging_behavior_video_analysis=0.2.0; aind_video_utils=0.7.0,2026-10-02T21:11:00+00:00
behavior_808054_2025-09-17_10-29-46,808054,BottomCamera,bottom_camera,True,,use,use,aind_dynamic_foraging_behavior_video_analysis=0.2.0; aind_video_utils=0.7.0,2026-10-02T21:09:56+00:00
behavior_808054_2025-09-17_10-29-46,808054,SideCameraRight,side_camera_right,True,,use,use,aind_dynamic_foraging_behavior_video_analysis=0.2.0; aind_video_utils=0.7.0,2026-10-02T21:11:34+00:00
behavior_808054_2025-09-18_10-24-37,808054,BottomCamera,bottom_camera,True,,use,use,aind_dynamic_foraging_behavior_video_analysis=0.2.0; aind_video_utils=0.7.0,2026-10-02T21:10:32+00:00
behavior_808054_2025-09-18_10-24-37,808054,SideCameraRight,side_camera_right,True,,use,use,aind_dynamic_foraging_behavior_video_analysis=0.2.0; aind_video_utils=0.7.0,2026-10-02T21:12:02+00:00
behavior_808054_2025-09-19_10-09-06,808054,BottomCamera,bottom_camera,True,,use,use,aind_dynamic_foraging_behavior_video_analysis=0.2.0; aind_video_utils=0.7.0,2026-10-02T21:10:46+00:00
behavior_808054_2025-09-19_10-09-06,808054,SideCameraRight,side_camera_right,True,,use,use,aind_dynamic_foraging_behavior_video_analysis=0.2.0; aind_video_utils=0.7.0,2026-10-02T21:12:10+00:00
behavior_808054_2025-09-22_09-55-53,808054,BottomCamera,bottom_camera,True,,use,use,aind_dynamic_foraging_behavior_video_analysis=0.2.0; aind_video_utils=0.7.0,2026-10-02T21:10:51+00:00
behavior_808054_2025-09-22_09-55-53,808054,SideCameraRight,side_camera_right,True,,use,use,aind_dynamic_foraging_behavior_video_analysis=0.2.0; aind_video_utils=0.7.0,2026-10-02T21:12:19+00:00
behavior_808054_2025-09-23_10-41-05,808054,BottomCamera,bottom_camera,True,,use,use,aind_dynamic_foraging_behavior_video_analysis=0.2.0; aind_video_utils=0.7.0,2026-10-02T21:11:02+00:00
behavior_808054_2025-09-23_10-41-05,808054,SideCameraRight,side_camera_right,True,,use,use,aind_dynamic_foraging_behavior_video_analysis=0.2.0; aind_video_utils=0.7.0,2026-10-02T21:12:37+00:00
behavior_808054_2025-09-24_10-40-18,808054,BottomCamera,bottom_camera,True,,use,use,aind_dynamic_foraging_behavior_video_analysis=0.2.0; aind_video_utils=0.7.0,2026-10-02T21:11:10+00:00
behavior_808054_2025-09-24_10-40-18,808054,SideCameraRight,side_camera_right,True,,use,use,aind_dynamic_foraging_behavior_video_analysis=0.2.0; aind_video_utils=0.7.0,2026-10-02T21:12:38+00:00
behavior_808054_2025-09-25_11-08-40,808054,BottomCamera,bottom_camera,True,,use,use,aind_dynamic_foraging_behavior_video_analysis=0.2.0; aind_video_utils=0.7.0,2026-10-02T21:11:17+00:00
behavior_808054_2025-09-25_11-08-40,808054,SideCameraRight,side_camera_right,True,,use,use,aind_dynamic_foraging_behavior_video_analysis=0.2.0; aind_video_utils=0.7.0,2026-10-02T21:12:40+00:00
behavior_808054_2025-09-26_11-02-53,808054,BottomCamera,bottom_camera,True,,use,use,aind_dynamic_foraging_behavior_video_analysis=0.2.0; aind_video_utils=0.7.0,2026-10-02T21:12:33+00:00
behavior_808054_2025-09-26_11-02-53,808054,SideCameraRight,side_camera_right,True,,use,use,aind_dynamic_foraging_behavior_video_analysis=0.2.0; aind_video_utils=0.7.0,2026-10-02T21:13:54+00:00
behavior_808057_2025-08-22_12-40-22,808057,BottomCamera,bottom_camera,True,,use,use,aind_dynamic_foraging_behavior_video_analysis=0.2.0; aind_video_utils=0.7.0,2026-10-02T19:21:45+00:00
behavior_808057_2025-08-22_12-40-22,808057,SideCameraRight,side_camera_right,True,,use,use,aind_dynamic_foraging_behavior_video_analysis=0.2.0; aind_video_utils=0.7.0,2026-10-02T19:24:53+00:00
behavior_808057_2025-08-25_13-01-12,808057,BottomCamera,bottom_camera,True,,use,use,aind_dynamic_foraging_behavior_video_analysis=0.2.0; aind_video_utils=0.7.0,2026-10-02T19:26:40+00:00
behavior_808057_2025-08-25_13-01-12,808057,SideCameraRight,side_camera_right,True,,use,use,aind_dynamic_foraging_behavior_video_analysis=0.2.0; aind_video_utils=0.7.0,2026-10-02T19:29:02+00:00
behavior_808057_2025-08-26_13-04-39,808057,BottomCamera,bottom_camera,True,,use,use,aind_dynamic_foraging_behavior_video_analysis=0.2.0; aind_video_utils=0.7.0,2026-10-02T19:26:45+00:00
behavior_808057_2025-08-26_13-04-39,808057,SideCameraRight,side_camera_right,True,,use,use,aind_dynamic_foraging_behavior_video_analysis=0.2.0; aind_video_utils=0.7.0,2026-10-02T19:29:10+00:00
behavior_808057_2025-08-27_13-00-15,808057,BottomCamera,bottom_camera,False,timing: exclude: harp_evenly_spaced,exclude: harp_evenly_spaced,use,aind_dynamic_foraging_behavior_video_analysis=0.2.0; aind_video_utils=0.7.0,2026-10-02T19:26:50+00:00
behavior_808057_2025-08-27_13-00-15,808057,SideCameraRight,side_camera_right,False,timing: exclude: harp_evenly_spaced,exclude: harp_evenly_spaced,use,aind_dynamic_foraging_behavior_video_analysis=0.2.0; aind_video_utils=0.7.0,2026-10-02T19:29:13+00:00
behavior_808057_2025-08-28_13-25-46,808057,BottomCamera,bottom_camera,True,,use,use,aind_dynamic_foraging_behavior_video_analysis=0.2.0; aind_video_utils=0.7.0,2026-10-02T19:26:54+00:00
behavior_808057_2025-08-28_13-25-46,808057,SideCameraRight,side_camera_right,True,,use,use,aind_dynamic_foraging_behavior_video_analysis=0.2.0; aind_video_utils=0.7.0,2026-10-02T19:29:12+00:00
behavior_808057_2025-08-29_13-21-01,808057,BottomCamera,bottom_camera,True,,use,use,aind_dynamic_foraging_behavior_video_analysis=0.2.0; aind_video_utils=0.7.0,2026-10-02T19:26:58+00:00
behavior_808057_2025-08-29_13-21-01,808057,SideCameraRight,side_camera_right,True,,use,use,aind_dynamic_foraging_behavior_video_analysis=0.2.0; aind_video_utils=0.7.0,2026-10-02T19:29:21+00:00
behavior_808057_2025-09-02_12-21-17,808057,BottomCamera,bottom_camera,True,,use,use,aind_dynamic_foraging_behavior_video_analysis=0.2.0; aind_video_utils=0.7.0,2026-10-02T19:27:10+00:00
behavior_808057_2025-09-02_12-21-17,808057,SideCameraRight,side_camera_right,True,,use,use,aind_dynamic_foraging_behavior_video_analysis=0.2.0; aind_video_utils=0.7.0,2026-10-02T19:29:23+00:00
behavior_808057_2025-09-03_12-45-12,808057,BottomCamera,bottom_camera,True,,use,use,aind_dynamic_foraging_behavior_video_analysis=0.2.0; aind_video_utils=0.7.0,2026-10-02T19:27:31+00:00
behavior_808057_2025-09-03_12-45-12,808057,SideCameraRight,side_camera_right,False,timing: exclude: unreadable,exclude: unreadable,use,aind_dynamic_foraging_behavior_video_analysis=0.2.0; aind_video_utils=0.7.0,2026-10-02T23:32:02+00:00
behavior_808057_2025-09-08_12-56-50,808057,BottomCamera,bottom_camera,True,,use,use,aind_dynamic_foraging_behavior_video_analysis=0.2.0; aind_video_utils=0.7.0,2026-10-02T19:27:58+00:00
behavior_808057_2025-09-08_12-56-50,808057,SideCameraRight,side_camera_right,True,,use,use,aind_dynamic_foraging_behavior_video_analysis=0.2.0; aind_video_utils=0.7.0,2026-10-02T19:30:09+00:00
behavior_808057_2025-09-09_12-55-49,808057,BottomCamera,bottom_camera,True,,use,use,aind_dynamic_foraging_behavior_video_analysis=0.2.0; aind_video_utils=0.7.0,2026-10-02T19:30:45+00:00
behavior_808057_2025-09-09_12-55-49,808057,SideCameraRight,side_camera_right,True,,use,use,aind_dynamic_foraging_behavior_video_analysis=0.2.0; aind_video_utils=0.7.0,2026-10-02T19:32:58+00:00
behavior_808057_2025-09-16_12-59-52,808057,BottomCamera,bottom_camera,True,,use,use,aind_dynamic_foraging_behavior_video_analysis=0.2.0; aind_video_utils=0.7.0,2026-10-02T19:31:43+00:00
behavior_808057_2025-09-16_12-59-52,808057,SideCameraRight,side_camera_right,True,,use,use,aind_dynamic_foraging_behavior_video_analysis=0.2.0; aind_video_utils=0.7.0,2026-10-02T19:34:15+00:00
behavior_808057_2025-09-17_12-56-41,808057,BottomCamera,bottom_camera,True,,use,use,aind_dynamic_foraging_behavior_video_analysis=0.2.0; aind_video_utils=0.7.0,2026-10-02T19:31:47+00:00
behavior_808057_2025-09-17_12-56-41,808057,SideCameraRight,side_camera_right,True,,use,use,aind_dynamic_foraging_behavior_video_analysis=0.2.0; aind_video_utils=0.7.0,2026-10-02T19:34:15+00:00
behavior_808057_2025-09-22_12-44-22,808057,BottomCamera,bottom_camera,True,,use,use,aind_dynamic_foraging_behavior_video_analysis=0.2.0; aind_video_utils=0.7.0,2026-10-02T19:31:52+00:00
behavior_808057_2025-09-22_12-44-22,808057,SideCameraRight,side_camera_right,True,,use,use,aind_dynamic_foraging_behavior_video_analysis=0.2.0; aind_video_utils=0.7.0,2026-10-02T19:34:23+00:00
behavior_808057_2025-09-24_13-32-54,808057,BottomCamera,bottom_camera,True,,use,use,aind_dynamic_foraging_behavior_video_analysis=0.2.0; aind_video_utils=0.7.0,2026-10-02T19:31:57+00:00
behavior_808057_2025-09-24_13-32-54,808057,SideCameraRight,side_camera_right,True,,use,use,aind_dynamic_foraging_behavior_video_analysis=0.2.0; aind_video_utils=0.7.0,2026-10-02T19:34:21+00:00
behavior_808057_2025-09-25_12-51-34,808057,BottomCamera,bottom_camera,True,,use,use,aind_dynamic_foraging_behavior_video_analysis=0.2.0; aind_video_utils=0.7.0,2026-10-02T19:32:03+00:00
behavior_808057_2025-09-25_12-51-34,808057,SideCameraRight,side_camera_right,True,,use,use,aind_dynamic_foraging_behavior_video_analysis=0.2.0; aind_video_utils=0.7.0,2026-10-02T19:34:24+00:00
behavior_808057_2025-09-26_13-34-10,808057,BottomCamera,bottom_camera,True,,use,use,aind_dynamic_foraging_behavior_video_analysis=0.2.0; aind_video_utils=0.7.0,2026-10-02T19:32:06+00:00
behavior_808057_2025-09-26_13-34-10,808057,SideCameraRight,side_camera_right,True,,use,use,aind_dynamic_foraging_behavior_video_analysis=0.2.0; aind_video_utils=0.7.0,2026-10-02T19:34:36+00:00
behavior_808057_2025-09-29_14-15-46,808057,BottomCamera,bottom_camera,True,,use,use,aind_dynamic_foraging_behavior_video_analysis=0.2.0; aind_video_utils=0.7.0,2026-10-02T19:32:44+00:00
behavior_808057_2025-09-29_14-15-46,808057,SideCameraRight,side_camera_right,True,,use,use,aind_dynamic_foraging_behavior_video_analysis=0.2.0; aind_video_utils=0.7.0,2026-10-02T19:34:35+00:00
behavior_808057_2025-09-30_13-01-08,808057,BottomCamera,bottom_camera,True,,use,use,aind_dynamic_foraging_behavior_video_analysis=0.2.0; aind_video_utils=0.7.0,2026-10-02T19:35:14+00:00
behavior_808057_2025-09-30_13-01-08,808057,SideCameraRight,side_camera_right,True,,use,use,aind_dynamic_foraging_behavior_video_analysis=0.2.0; aind_video_utils=0.7.0,2026-10-02T19:36:57+00:00
behavior_808057_2025-10-01_13-24-05,808057,BottomCamera,bottom_camera,True,,use,use,aind_dynamic_foraging_behavior_video_analysis=0.2.0; aind_video_utils=0.7.0,2026-10-02T19:36:48+00:00
behavior_808057_2025-10-01_13-24-05,808057,SideCameraRight,side_camera_right,True,,use,use,aind_dynamic_foraging_behavior_video_analysis=0.2.0; aind_video_utils=0.7.0,2026-10-02T19:38:58+00:00
behavior_808057_2025-10-02_13-16-47,808057,BottomCamera,bottom_camera,True,,use,use,aind_dynamic_foraging_behavior_video_analysis=0.2.0; aind_video_utils=0.7.0,2026-10-02T19:36:50+00:00
behavior_808057_2025-10-02_13-16-47,808057,SideCameraRight,side_camera_right,True,,use,use,aind_dynamic_foraging_behavior_video_analysis=0.2.0; aind_video_utils=0.7.0,2026-10-02T19:39:15+00:00
behavior_809487_2025-09-19_13-56-52,809487,BottomCamera,bottom_camera,True,,use,use,aind_dynamic_foraging_behavior_video_analysis=0.2.0; aind_video_utils=0.7.0,2026-10-02T21:13:04+00:00
behavior_809487_2025-09-19_13-56-52,809487,SideCameraRight,side_camera_right,False,quality: exclude: pct_clipped_high median <= 3.75,use,exclude: pct_clipped_high median <= 3.75,aind_dynamic_foraging_behavior_video_analysis=0.2.0; aind_video_utils=0.7.0,2026-10-02T21:14:41+00:00
behavior_809487_2025-09-22_11-43-21,809487,BottomCamera,bottom_camera,True,,use,use,aind_dynamic_foraging_behavior_video_analysis=0.2.0; aind_video_utils=0.7.0,2026-10-02T21:13:25+00:00
behavior_809487_2025-09-22_11-43-21,809487,SideCameraRight,side_camera_right,False,quality: exclude: pct_clipped_high median <= 3.75,use,exclude: pct_clipped_high median <= 3.75,aind_dynamic_foraging_behavior_video_analysis=0.2.0; aind_video_utils=0.7.0,2026-10-02T21:14:52+00:00
behavior_809487_2025-09-23_14-36-51,809487,BottomCamera,bottom_camera,True,,use,use,aind_dynamic_foraging_behavior_video_analysis=0.2.0; aind_video_utils=0.7.0,2026-10-02T21:13:44+00:00
behavior_809487_2025-09-23_14-36-51,809487,SideCameraRight,side_camera_right,False,quality: exclude: pct_clipped_high median <= 3.75,use,exclude: pct_clipped_high median <= 3.75,aind_dynamic_foraging_behavior_video_analysis=0.2.0; aind_video_utils=0.7.0,2026-10-02T21:15:05+00:00
behavior_809487_2025-09-24_13-59-44,809487,BottomCamera,bottom_camera,True,,use,use,aind_dynamic_foraging_behavior_video_analysis=0.2.0; aind_video_utils=0.7.0,2026-10-02T21:13:48+00:00
behavior_809487_2025-09-24_13-59-44,809487,SideCameraRight,side_camera_right,False,quality: exclude: pct_clipped_high median <= 3.75,use,exclude: pct_clipped_high median <= 3.75,aind_dynamic_foraging_behavior_video_analysis=0.2.0; aind_video_utils=0.7.0,2026-10-02T21:15:14+00:00
behavior_809487_2025-09-25_13-59-05,809487,BottomCamera,bottom_camera,True,,use,use,aind_dynamic_foraging_behavior_video_analysis=0.2.0; aind_video_utils=0.7.0,2026-10-02T21:13:57+00:00
behavior_809487_2025-09-25_13-59-05,809487,SideCameraRight,side_camera_right,False,quality: exclude: pct_clipped_high median <= 3.75,use,exclude: pct_clipped_high median <= 3.75,aind_dynamic_foraging_behavior_video_analysis=0.2.0; aind_video_utils=0.7.0,2026-10-02T21:15:22+00:00
behavior_809487_2025-09-26_12-43-39,809487,BottomCamera,bottom_camera,True,,use,use,aind_dynamic_foraging_behavior_video_analysis=0.2.0; aind_video_utils=0.7.0,2026-10-02T21:14:04+00:00
behavior_809487_2025-09-26_12-43-39,809487,SideCameraRight,side_camera_right,False,quality: exclude: pct_clipped_high median <= 3.75,use,exclude: pct_clipped_high median <= 3.75,aind_dynamic_foraging_behavior_video_analysis=0.2.0; aind_video_utils=0.7.0,2026-10-02T21:15:31+00:00
behavior_809487_2025-09-29_14-11-52,809487,BottomCamera,bottom_camera,True,,use,use,aind_dynamic_foraging_behavior_video_analysis=0.2.0; aind_video_utils=0.7.0,2026-10-02T21:14:10+00:00
behavior_809487_2025-09-29_14-11-52,809487,SideCameraRight,side_camera_right,False,quality: exclude: pct_clipped_high median <= 3.75,use,exclude: pct_clipped_high median <= 3.75,aind_dynamic_foraging_behavior_video_analysis=0.2.0; aind_video_utils=0.7.0,2026-10-02T21:15:27+00:00
behavior_809487_2025-09-30_13-56-22,809487,BottomCamera,bottom_camera,True,,use,use,aind_dynamic_foraging_behavior_video_analysis=0.2.0; aind_video_utils=0.7.0,2026-10-02T21:15:20+00:00
behavior_809487_2025-09-30_13-56-22,809487,SideCameraRight,side_camera_right,False,quality: exclude: pct_clipped_high median <= 3.75,use,exclude: pct_clipped_high median <= 3.75,aind_dynamic_foraging_behavior_video_analysis=0.2.0; aind_video_utils=0.7.0,2026-10-02T21:16:38+00:00
behavior_809487_2025-10-01_13-52-51,809487,BottomCamera,bottom_camera,True,,use,use,aind_dynamic_foraging_behavior_video_analysis=0.2.0; aind_video_utils=0.7.0,2026-10-02T21:16:06+00:00
behavior_809487_2025-10-01_13-52-51,809487,SideCameraRight,side_camera_right,False,quality: exclude: pct_clipped_high median <= 3.75,use,exclude: pct_clipped_high median <= 3.75,aind_dynamic_foraging_behavior_video_analysis=0.2.0; aind_video_utils=0.7.0,2026-10-02T21:17:32+00:00
behavior_809487_2025-10-07_14-06-07,809487,BottomCamera,bottom_camera,False,timing: exclude: harp_evenly_spaced,exclude: harp_evenly_spaced,use,aind_dynamic_foraging_behavior_video_analysis=0.2.0; aind_video_utils=0.7.0,2026-10-02T21:16:18+00:00
behavior_809487_2025-10-07_14-06-07,809487,SideCameraRight,side_camera_right,False,timing: exclude: harp_evenly_spaced,exclude: harp_evenly_spaced,exclude: pct_clipped_high median <= 3.75,aind_dynamic_foraging_behavior_video_analysis=0.2.0; aind_video_utils=0.7.0,2026-10-02T21:17:37+00:00
behavior_809487_2025-10-08_12-57-02,809487,BottomCamera,bottom_camera,True,,use,use,aind_dynamic_foraging_behavior_video_analysis=0.2.0; aind_video_utils=0.7.0,2026-10-02T21:16:30+00:00
behavior_809487_2025-10-08_12-57-02,809487,SideCameraRight,side_camera_right,False,quality: exclude: pct_clipped_high median <= 3.75,use,exclude: pct_clipped_high median <= 3.75,aind_dynamic_foraging_behavior_video_analysis=0.2.0; aind_video_utils=0.7.0,2026-10-02T21:17:56+00:00
behavior_809487_2025-10-10_12-33-41,809487,BottomCamera,bottom_camera,True,,use,use,aind_dynamic_foraging_behavior_video_analysis=0.2.0; aind_video_utils=0.7.0,2026-10-02T21:16:41+00:00
behavior_809487_2025-10-10_12-33-41,809487,SideCameraRight,side_camera_right,False,quality: exclude: pct_clipped_high median <= 3.75,use,exclude: pct_clipped_high median <= 3.75,aind_dynamic_foraging_behavior_video_analysis=0.2.0; aind_video_utils=0.7.0,2026-10-02T21:18:09+00:00
behavior_809487_2025-10-14_14-12-30,809487,BottomCamera,bottom_camera,True,,use,use,aind_dynamic_foraging_behavior_video_analysis=0.2.0; aind_video_utils=0.7.0,2026-10-02T21:16:44+00:00
behavior_809487_2025-10-14_14-12-30,809487,SideCameraRight,side_camera_right,False,quality: exclude: pct_clipped_high median <= 3.75,use,exclude: pct_clipped_high median <= 3.75,aind_dynamic_foraging_behavior_video_analysis=0.2.0; aind_video_utils=0.7.0,2026-10-02T21:18:07+00:00
behavior_809487_2025-10-15_14-22-59,809487,BottomCamera,bottom_camera,True,,use,use,aind_dynamic_foraging_behavior_video_analysis=0.2.0; aind_video_utils=0.7.0,2026-10-02T21:16:53+00:00
behavior_809487_2025-10-15_14-22-59,809487,SideCameraRight,side_camera_right,False,quality: exclude: pct_clipped_high median <= 3.75,use,exclude: pct_clipped_high median <= 3.75,aind_dynamic_foraging_behavior_video_analysis=0.2.0; aind_video_utils=0.7.0,2026-10-02T21:18:09+00:00
behavior_809491_2025-09-29_09-35-32,809491,BottomCamera,bottom_camera,True,,use,use,aind_dynamic_foraging_behavior_video_analysis=0.2.0; aind_video_utils=0.7.0,2026-10-02T21:16:54+00:00
behavior_809491_2025-09-29_09-35-32,809491,SideCameraRight,side_camera_right,True,,use,use,aind_dynamic_foraging_behavior_video_analysis=0.2.0; aind_video_utils=0.7.0,2026-10-02T21:18:16+00:00
behavior_809491_2025-10-01_09-33-38,809491,BottomCamera,bottom_camera,True,,use,use,aind_dynamic_foraging_behavior_video_analysis=0.2.0; aind_video_utils=0.7.0,2026-10-02T21:18:08+00:00
behavior_809491_2025-10-01_09-33-38,809491,SideCameraRight,side_camera_right,True,,use,use,aind_dynamic_foraging_behavior_video_analysis=0.2.0; aind_video_utils=0.7.0,2026-10-02T21:19:47+00:00
behavior_809491_2025-10-02_09-23-46,809491,BottomCamera,bottom_camera,True,,use,use,aind_dynamic_foraging_behavior_video_analysis=0.2.0; aind_video_utils=0.7.0,2026-10-02T21:19:00+00:00
behavior_809491_2025-10-02_09-23-46,809491,SideCameraRight,side_camera_right,True,,use,use,aind_dynamic_foraging_behavior_video_analysis=0.2.0; aind_video_utils=0.7.0,2026-10-02T21:20:26+00:00
behavior_809491_2025-10-03_09-36-11,809491,BottomCamera,bottom_camera,True,,use,use,aind_dynamic_foraging_behavior_video_analysis=0.2.0; aind_video_utils=0.7.0,2026-10-02T21:19:03+00:00
behavior_809491_2025-10-03_09-36-11,809491,SideCameraRight,side_camera_right,True,,use,use,aind_dynamic_foraging_behavior_video_analysis=0.2.0; aind_video_utils=0.7.0,2026-10-02T21:20:26+00:00
behavior_809491_2025-10-06_08-46-19,809491,BottomCamera,bottom_camera,True,,use,use,aind_dynamic_foraging_behavior_video_analysis=0.2.0; aind_video_utils=0.7.0,2026-10-02T21:19:27+00:00
behavior_809491_2025-10-06_08-46-19,809491,SideCameraRight,side_camera_right,True,,use,use,aind_dynamic_foraging_behavior_video_analysis=0.2.0; aind_video_utils=0.7.0,2026-10-02T21:20:59+00:00
behavior_809491_2025-10-09_09-57-13,809491,BottomCamera,bottom_camera,True,,use,use,aind_dynamic_foraging_behavior_video_analysis=0.2.0; aind_video_utils=0.7.0,2026-10-02T21:19:36+00:00
behavior_809491_2025-10-09_09-57-13,809491,SideCameraRight,side_camera_right,True,,use,use,aind_dynamic_foraging_behavior_video_analysis=0.2.0; aind_video_utils=0.7.0,2026-10-02T21:21:05+00:00
behavior_809491_2025-10-10_09-35-15,809491,BottomCamera,bottom_camera,True,,use,use,aind_dynamic_foraging_behavior_video_analysis=0.2.0; aind_video_utils=0.7.0,2026-10-02T21:19:46+00:00
behavior_809491_2025-10-10_09-35-15,809491,SideCameraRight,side_camera_right,True,,use,use,aind_dynamic_foraging_behavior_video_analysis=0.2.0; aind_video_utils=0.7.0,2026-10-02T21:21:24+00:00
behavior_809491_2025-10-13_09-26-46,809491,BottomCamera,bottom_camera,True,,use,use,aind_dynamic_foraging_behavior_video_analysis=0.2.0; aind_video_utils=0.7.0,2026-10-02T21:19:47+00:00
behavior_809491_2025-10-13_09-26-46,809491,SideCameraRight,side_camera_right,True,,use,use,aind_dynamic_foraging_behavior_video_analysis=0.2.0; aind_video_utils=0.7.0,2026-10-02T21:21:22+00:00
behavior_809491_2025-10-14_09-27-06,809491,BottomCamera,bottom_camera,True,,use,use,aind_dynamic_foraging_behavior_video_analysis=0.2.0; aind_video_utils=0.7.0,2026-10-02T21:19:47+00:00
behavior_809491_2025-10-14_09-27-06,809491,SideCameraRight,side_camera_right,True,,use,use,aind_dynamic_foraging_behavior_video_analysis=0.2.0; aind_video_utils=0.7.0,2026-10-02T21:21:28+00:00
behavior_809491_2025-10-16_09-30-10,809491,BottomCamera,bottom_camera,True,,use,use,aind_dynamic_foraging_behavior_video_analysis=0.2.0; aind_video_utils=0.7.0,2026-10-02T21:21:26+00:00
behavior_809491_2025-10-16_09-30-10,809491,SideCameraRight,side_camera_right,True,,use,use,aind_dynamic_foraging_behavior_video_analysis=0.2.0; aind_video_utils=0.7.0,2026-10-02T21:22:57+00:00
behavior_809491_2025-10-17_09-26-49,809491,BottomCamera,bottom_camera,True,,use,use,aind_dynamic_foraging_behavior_video_analysis=0.2.0; aind_video_utils=0.7.0,2026-10-02T21:21:46+00:00
behavior_809491_2025-10-17_09-26-49,809491,SideCameraRight,side_camera_right,True,,use,use,aind_dynamic_foraging_behavior_video_analysis=0.2.0; aind_video_utils=0.7.0,2026-10-02T21:23:06+00:00
behavior_809491_2025-10-20_09-31-46,809491,BottomCamera,bottom_camera,True,,use,use,aind_dynamic_foraging_behavior_video_analysis=0.2.0; aind_video_utils=0.7.0,2026-10-02T21:21:50+00:00
behavior_809491_2025-10-20_09-31-46,809491,SideCameraRight,side_camera_right,True,,use,use,aind_dynamic_foraging_behavior_video_analysis=0.2.0; aind_video_utils=0.7.0,2026-10-02T21:23:08+00:00
behavior_809491_2025-10-21_09-37-59,809491,BottomCamera,bottom_camera,True,,use,use,aind_dynamic_foraging_behavior_video_analysis=0.2.0; aind_video_utils=0.7.0,2026-10-02T21:22:25+00:00
behavior_809491_2025-10-21_09-37-59,809491,SideCameraRight,side_camera_right,True,,use,use,aind_dynamic_foraging_behavior_video_analysis=0.2.0; aind_video_utils=0.7.0,2026-10-02T21:23:44+00:00
behavior_809491_2025-10-22_09-25-35,809491,BottomCamera,bottom_camera,True,,use,use,aind_dynamic_foraging_behavior_video_analysis=0.2.0; aind_video_utils=0.7.0,2026-10-02T21:22:33+00:00
behavior_809491_2025-10-22_09-25-35,809491,SideCameraRight,side_camera_right,True,,use,use,aind_dynamic_foraging_behavior_video_analysis=0.2.0; aind_video_utils=0.7.0,2026-10-02T21:23:55+00:00
behavior_809491_2025-10-23_09-38-27,809491,BottomCamera,bottom_camera,True,,use,use,aind_dynamic_foraging_behavior_video_analysis=0.2.0; aind_video_utils=0.7.0,2026-10-02T21:22:53+00:00
behavior_809491_2025-10-23_09-38-27,809491,SideCameraRight,side_camera_right,True,,use,use,aind_dynamic_foraging_behavior_video_analysis=0.2.0; aind_video_utils=0.7.0,2026-10-02T21:24:22+00:00
behavior_809491_2025-10-24_09-42-09,809491,BottomCamera,bottom_camera,True,,use,use,aind_dynamic_foraging_behavior_video_analysis=0.2.0; aind_video_utils=0.7.0,2026-10-02T21:22:57+00:00
behavior_809491_2025-10-24_09-42-09,809491,SideCameraRight,side_camera_right,True,,use,use,aind_dynamic_foraging_behavior_video_analysis=0.2.0; aind_video_utils=0.7.0,2026-10-02T21:24:31+00:00
behavior_809491_2025-10-27_09-04-55,809491,BottomCamera,bottom_camera,True,,use,use,aind_dynamic_foraging_behavior_video_analysis=0.2.0; aind_video_utils=0.7.0,2026-10-02T21:23:00+00:00
behavior_809491_2025-10-27_09-04-55,809491,SideCameraRight,side_camera_right,True,,use,use,aind_dynamic_foraging_behavior_video_analysis=0.2.0; aind_video_utils=0.7.0,2026-10-02T21:24:30+00:00
behavior_809491_2025-10-28_09-30-50,809491,BottomCamera,bottom_camera,True,,use,use,aind_dynamic_foraging_behavior_video_analysis=0.2.0; aind_video_utils=0.7.0,2026-10-02T21:24:25+00:00
behavior_809491_2025-10-28_09-30-50,809491,SideCameraRight,side_camera_right,True,,use,use,aind_dynamic_foraging_behavior_video_analysis=0.2.0; aind_video_utils=0.7.0,2026-10-02T21:26:00+00:00
behavior_809491_2025-10-29_09-35-17,809491,BottomCamera,bottom_camera,True,,use,use,aind_dynamic_foraging_behavior_video_analysis=0.2.0; aind_video_utils=0.7.0,2026-10-02T21:24:30+00:00
behavior_809491_2025-10-29_09-35-17,809491,SideCameraRight,side_camera_right,True,,use,use,aind_dynamic_foraging_behavior_video_analysis=0.2.0; aind_video_utils=0.7.0,2026-10-02T21:26:07+00:00
behavior_809491_2025-10-30_09-19-42,809491,BottomCamera,bottom_camera,True,,use,use,aind_dynamic_foraging_behavior_video_analysis=0.2.0; aind_video_utils=0.7.0,2026-10-02T21:24:33+00:00
behavior_809491_2025-10-30_09-19-42,809491,SideCameraRight,side_camera_right,True,,use,use,aind_dynamic_foraging_behavior_video_analysis=0.2.0; aind_video_utils=0.7.0,2026-10-02T21:26:09+00:00
behavior_809491_2025-10-31_09-25-40,809491,BottomCamera,bottom_camera,True,,use,use,aind_dynamic_foraging_behavior_video_analysis=0.2.0; aind_video_utils=0.7.0,2026-10-02T21:25:12+00:00
behavior_809491_2025-10-31_09-25-40,809491,SideCameraRight,side_camera_right,True,,use,use,aind_dynamic_foraging_behavior_video_analysis=0.2.0; aind_video_utils=0.7.0,2026-10-02T21:26:22+00:00
behavior_809491_2025-11-13_09-08-18,809491,BottomCamera,bottom_camera,False,timing: exclude: harp_evenly_spaced,exclude: harp_evenly_spaced,use,aind_dynamic_foraging_behavior_video_analysis=0.2.0; aind_video_utils=0.7.0,2026-10-02T21:25:19+00:00
behavior_809491_2025-11-13_09-08-18,809491,SideCameraRight,side_camera_right,False,timing: exclude: harp_evenly_spaced,exclude: harp_evenly_spaced,exclude: pct_clipped_high median <= 3.75,aind_dynamic_foraging_behavior_video_analysis=0.2.0; aind_video_utils=0.7.0,2026-10-02T21:26:30+00:00
behavior_813929_2025-10-20_13-15-08,813929,BottomCamera,bottom_camera,True,,use,use,aind_dynamic_foraging_behavior_video_analysis=0.2.0; aind_video_utils=0.7.0,2026-10-02T21:25:59+00:00
behavior_813929_2025-10-20_13-15-08,813929,SideCameraRight,side_camera_right,True,,use,use,aind_dynamic_foraging_behavior_video_analysis=0.2.0; aind_video_utils=0.7.0,2026-10-02T21:27:29+00:00
behavior_813929_2025-10-21_14-19-54,813929,BottomCamera,bottom_camera,True,,use,use,aind_dynamic_foraging_behavior_video_analysis=0.2.0; aind_video_utils=0.7.0,2026-10-02T21:26:06+00:00
behavior_813929_2025-10-21_14-19-54,813929,SideCameraRight,side_camera_right,True,,use,use,aind_dynamic_foraging_behavior_video_analysis=0.2.0; aind_video_utils=0.7.0,2026-10-02T21:27:30+00:00
behavior_813929_2025-10-22_13-21-12,813929,BottomCamera,bottom_camera,True,,use,use,aind_dynamic_foraging_behavior_video_analysis=0.2.0; aind_video_utils=0.7.0,2026-10-02T21:26:13+00:00
behavior_813929_2025-10-22_13-21-12,813929,SideCameraRight,side_camera_right,True,,use,use,aind_dynamic_foraging_behavior_video_analysis=0.2.0; aind_video_utils=0.7.0,2026-10-02T21:27:41+00:00
behavior_813929_2025-10-23_13-38-57,813929,BottomCamera,bottom_camera,True,,use,use,aind_dynamic_foraging_behavior_video_analysis=0.2.0; aind_video_utils=0.7.0,2026-10-02T21:27:30+00:00
behavior_813929_2025-10-23_13-38-57,813929,SideCameraRight,side_camera_right,True,,use,use,aind_dynamic_foraging_behavior_video_analysis=0.2.0; aind_video_utils=0.7.0,2026-10-02T21:29:07+00:00
behavior_813929_2025-10-27_13-31-17,813929,BottomCamera,bottom_camera,True,,use,use,aind_dynamic_foraging_behavior_video_analysis=0.2.0; aind_video_utils=0.7.0,2026-10-02T21:27:37+00:00
behavior_813929_2025-10-27_13-31-17,813929,SideCameraRight,side_camera_right,True,,use,use,aind_dynamic_foraging_behavior_video_analysis=0.2.0; aind_video_utils=0.7.0,2026-10-02T21:29:13+00:00
behavior_813929_2025-10-29_13-53-04,813929,BottomCamera,bottom_camera,True,,use,use,aind_dynamic_foraging_behavior_video_analysis=0.2.0; aind_video_utils=0.7.0,2026-10-02T21:27:40+00:00
behavior_813929_2025-10-29_13-53-04,813929,SideCameraRight,side_camera_right,True,,use,use,aind_dynamic_foraging_behavior_video_analysis=0.2.0; aind_video_utils=0.7.0,2026-10-02T21:29:12+00:00
behavior_813929_2025-10-30_14-00-13,813929,BottomCamera,bottom_camera,True,,use,use,aind_dynamic_foraging_behavior_video_analysis=0.2.0; aind_video_utils=0.7.0,2026-10-02T21:27:42+00:00
behavior_813929_2025-10-30_14-00-13,813929,SideCameraRight,side_camera_right,True,,use,use,aind_dynamic_foraging_behavior_video_analysis=0.2.0; aind_video_utils=0.7.0,2026-10-02T21:29:18+00:00
behavior_813929_2025-10-31_13-45-45,813929,BottomCamera,bottom_camera,False,timing: exclude: harp_evenly_spaced,exclude: harp_evenly_spaced,use,aind_dynamic_foraging_behavior_video_analysis=0.2.0; aind_video_utils=0.7.0,2026-10-02T21:27:44+00:00
behavior_813929_2025-10-31_13-45-45,813929,SideCameraRight,side_camera_right,False,timing: exclude: harp_evenly_spaced,exclude: harp_evenly_spaced,use,aind_dynamic_foraging_behavior_video_analysis=0.2.0; aind_video_utils=0.7.0,2026-10-02T21:29:15+00:00
behavior_813929_2025-11-03_13-36-51,813929,BottomCamera,bottom_camera,False,timing: exclude: harp_evenly_spaced,exclude: harp_evenly_spaced,use,aind_dynamic_foraging_behavior_video_analysis=0.2.0; aind_video_utils=0.7.0,2026-10-02T21:29:11+00:00
behavior_813929_2025-11-03_13-36-51,813929,SideCameraRight,side_camera_right,False,timing: exclude: harp_evenly_spaced,exclude: harp_evenly_spaced,use,aind_dynamic_foraging_behavior_video_analysis=0.2.0; aind_video_utils=0.7.0,2026-10-02T21:30:48+00:00
behavior_813929_2025-11-04_13-31-29,813929,BottomCamera,bottom_camera,True,,use,use,aind_dynamic_foraging_behavior_video_analysis=0.2.0; aind_video_utils=0.7.0,2026-10-02T21:29:15+00:00
behavior_813929_2025-11-04_13-31-29,813929,SideCameraRight,side_camera_right,True,,use,use,aind_dynamic_foraging_behavior_video_analysis=0.2.0; aind_video_utils=0.7.0,2026-10-02T21:30:52+00:00
behavior_813929_2025-11-05_13-43-19,813929,BottomCamera,bottom_camera,True,,use,use,aind_dynamic_foraging_behavior_video_analysis=0.2.0; aind_video_utils=0.7.0,2026-10-02T21:30:22+00:00
behavior_813929_2025-11-05_13-43-19,813929,SideCameraRight,side_camera_right,True,,use,use,aind_dynamic_foraging_behavior_video_analysis=0.2.0; aind_video_utils=0.7.0,2026-10-02T21:31:52+00:00
behavior_813929_2025-11-06_13-17-17,813929,BottomCamera,bottom_camera,False,timing: exclude: harp_evenly_spaced,exclude: harp_evenly_spaced,use,aind_dynamic_foraging_behavior_video_analysis=0.2.0; aind_video_utils=0.7.0,2026-10-02T21:30:39+00:00
behavior_813929_2025-11-06_13-17-17,813929,SideCameraRight,side_camera_right,False,timing: exclude: harp_evenly_spaced,exclude: harp_evenly_spaced,use,aind_dynamic_foraging_behavior_video_analysis=0.2.0; aind_video_utils=0.7.0,2026-10-02T21:32:13+00:00
behavior_813929_2025-11-07_14-18-09,813929,BottomCamera,bottom_camera,True,,use,use,aind_dynamic_foraging_behavior_video_analysis=0.2.0; aind_video_utils=0.7.0,2026-10-02T21:30:52+00:00
behavior_813929_2025-11-07_14-18-09,813929,SideCameraRight,side_camera_right,True,,use,use,aind_dynamic_foraging_behavior_video_analysis=0.2.0; aind_video_utils=0.7.0,2026-10-02T21:32:27+00:00
behavior_813929_2025-11-10_12-33-03,813929,BottomCamera,bottom_camera,True,,use,use,aind_dynamic_foraging_behavior_video_analysis=0.2.0; aind_video_utils=0.7.0,2026-10-02T21:30:55+00:00
behavior_813929_2025-11-10_12-33-03,813929,SideCameraRight,side_camera_right,True,,use,use,aind_dynamic_foraging_behavior_video_analysis=0.2.0; aind_video_utils=0.7.0,2026-10-02T21:32:29+00:00
behavior_813929_2025-11-11_13-35-45,813929,BottomCamera,bottom_camera,True,,use,use,aind_dynamic_foraging_behavior_video_analysis=0.2.0; aind_video_utils=0.7.0,2026-10-02T21:30:55+00:00
behavior_813929_2025-11-11_13-35-45,813929,SideCameraRight,side_camera_right,True,,use,use,aind_dynamic_foraging_behavior_video_analysis=0.2.0; aind_video_utils=0.7.0,2026-10-02T21:32:27+00:00
behavior_813929_2025-11-12_13-42-24,813929,BottomCamera,bottom_camera,True,,use,use,aind_dynamic_foraging_behavior_video_analysis=0.2.0; aind_video_utils=0.7.0,2026-10-02T21:30:56+00:00
behavior_813929_2025-11-12_13-42-24,813929,SideCameraRight,side_camera_right,True,,use,use,aind_dynamic_foraging_behavior_video_analysis=0.2.0; aind_video_utils=0.7.0,2026-10-02T21:32:25+00:00
behavior_815334_2025-10-06_10-38-40,815334,BottomCamera,bottom_camera,True,,use,use,aind_dynamic_foraging_behavior_video_analysis=0.2.0; aind_video_utils=0.7.0,2026-10-02T21:32:23+00:00
behavior_815334_2025-10-06_10-38-40,815334,SideCameraRight,side_camera_right,True,,use,use,aind_dynamic_foraging_behavior_video_analysis=0.2.0; aind_video_utils=0.7.0,2026-10-02T21:33:55+00:00
behavior_815334_2025-10-07_10-54-04,815334,BottomCamera,bottom_camera,True,,use,use,aind_dynamic_foraging_behavior_video_analysis=0.2.0; aind_video_utils=0.7.0,2026-10-02T21:32:27+00:00
behavior_815334_2025-10-07_10-54-04,815334,SideCameraRight,side_camera_right,True,,use,use,aind_dynamic_foraging_behavior_video_analysis=0.2.0; aind_video_utils=0.7.0,2026-10-02T21:33:54+00:00
behavior_815334_2025-10-08_09-55-23,815334,BottomCamera,bottom_camera,True,,use,use,aind_dynamic_foraging_behavior_video_analysis=0.2.0; aind_video_utils=0.7.0,2026-10-02T21:33:13+00:00
behavior_815334_2025-10-08_09-55-23,815334,SideCameraRight,side_camera_right,True,,use,use,aind_dynamic_foraging_behavior_video_analysis=0.2.0; aind_video_utils=0.7.0,2026-10-02T21:34:30+00:00
behavior_815334_2025-10-10_10-34-50,815334,BottomCamera,bottom_camera,True,,use,use,aind_dynamic_foraging_behavior_video_analysis=0.2.0; aind_video_utils=0.7.0,2026-10-02T21:33:41+00:00
behavior_815334_2025-10-10_10-34-50,815334,SideCameraRight,side_camera_right,True,,use,use,aind_dynamic_foraging_behavior_video_analysis=0.2.0; aind_video_utils=0.7.0,2026-10-02T21:35:08+00:00
behavior_815334_2025-10-13_08-52-21,815334,BottomCamera,bottom_camera,True,,use,use,aind_dynamic_foraging_behavior_video_analysis=0.2.0; aind_video_utils=0.7.0,2026-10-02T21:33:49+00:00
behavior_815334_2025-10-13_08-52-21,815334,SideCameraRight,side_camera_right,True,,use,use,aind_dynamic_foraging_behavior_video_analysis=0.2.0; aind_video_utils=0.7.0,2026-10-02T21:35:17+00:00
behavior_815334_2025-10-14_11-11-46,815334,BottomCamera,bottom_camera,True,,use,use,aind_dynamic_foraging_behavior_video_analysis=0.2.0; aind_video_utils=0.7.0,2026-10-02T21:33:53+00:00
behavior_815334_2025-10-14_11-11-46,815334,SideCameraRight,side_camera_right,True,,use,use,aind_dynamic_foraging_behavior_video_analysis=0.2.0; aind_video_utils=0.7.0,2026-10-02T21:35:17+00:00
behavior_815334_2025-10-15_10-48-42,815334,BottomCamera,bottom_camera,True,,use,use,aind_dynamic_foraging_behavior_video_analysis=0.2.0; aind_video_utils=0.7.0,2026-10-02T21:33:58+00:00
behavior_815334_2025-10-15_10-48-42,815334,SideCameraRight,side_camera_right,True,,use,use,aind_dynamic_foraging_behavior_video_analysis=0.2.0; aind_video_utils=0.7.0,2026-10-02T21:35:41+00:00
behavior_815334_2025-10-16_10-13-16,815334,BottomCamera,bottom_camera,True,,use,use,aind_dynamic_foraging_behavior_video_analysis=0.2.0; aind_video_utils=0.7.0,2026-10-02T21:34:03+00:00
behavior_815334_2025-10-16_10-13-16,815334,SideCameraRight,side_camera_right,True,,use,use,aind_dynamic_foraging_behavior_video_analysis=0.2.0; aind_video_utils=0.7.0,2026-10-02T21:35:27+00:00
behavior_815334_2025-10-17_10-59-03,815334,BottomCamera,bottom_camera,True,,use,use,aind_dynamic_foraging_behavior_video_analysis=0.2.0; aind_video_utils=0.7.0,2026-10-02T21:35:38+00:00
behavior_815334_2025-10-17_10-59-03,815334,SideCameraRight,side_camera_right,True,,use,use,aind_dynamic_foraging_behavior_video_analysis=0.2.0; aind_video_utils=0.7.0,2026-10-02T21:37:20+00:00
behavior_815334_2025-10-20_10-26-22,815334,BottomCamera,bottom_camera,False,timing: exclude: harp_evenly_spaced,exclude: harp_evenly_spaced,use,aind_dynamic_foraging_behavior_video_analysis=0.2.0; aind_video_utils=0.7.0,2026-10-02T21:35:40+00:00
behavior_815334_2025-10-20_10-26-22,815334,SideCameraRight,side_camera_right,False,timing: exclude: harp_evenly_spaced,exclude: harp_evenly_spaced,use,aind_dynamic_foraging_behavior_video_analysis=0.2.0; aind_video_utils=0.7.0,2026-10-02T21:37:29+00:00
behavior_815334_2025-10-21_10-36-23,815334,BottomCamera,bottom_camera,True,,use,use,aind_dynamic_foraging_behavior_video_analysis=0.2.0; aind_video_utils=0.7.0,2026-10-02T21:35:54+00:00
behavior_815334_2025-10-21_10-36-23,815334,SideCameraRight,side_camera_right,True,,use,use,aind_dynamic_foraging_behavior_video_analysis=0.2.0; aind_video_utils=0.7.0,2026-10-02T21:37:26+00:00
behavior_815334_2025-10-22_10-53-05,815334,BottomCamera,bottom_camera,True,,use,use,aind_dynamic_foraging_behavior_video_analysis=0.2.0; aind_video_utils=0.7.0,2026-10-02T21:36:51+00:00
behavior_815334_2025-10-22_10-53-05,815334,SideCameraRight,side_camera_right,True,,use,use,aind_dynamic_foraging_behavior_video_analysis=0.2.0; aind_video_utils=0.7.0,2026-10-02T21:38:20+00:00
behavior_815334_2025-10-23_10-19-01,815334,BottomCamera,bottom_camera,False,timing: exclude: harp_evenly_spaced,exclude: harp_evenly_spaced,use,aind_dynamic_foraging_behavior_video_analysis=0.2.0; aind_video_utils=0.7.0,2026-10-02T21:36:59+00:00
behavior_815334_2025-10-23_10-19-01,815334,SideCameraRight,side_camera_right,False,timing: exclude: harp_evenly_spaced,exclude: harp_evenly_spaced,use,aind_dynamic_foraging_behavior_video_analysis=0.2.0; aind_video_utils=0.7.0,2026-10-02T21:38:34+00:00
behavior_815334_2025-10-24_09-19-22,815334,BottomCamera,bottom_camera,True,,use,use,aind_dynamic_foraging_behavior_video_analysis=0.2.0; aind_video_utils=0.7.0,2026-10-02T21:37:00+00:00
behavior_815334_2025-10-24_09-19-22,815334,SideCameraRight,side_camera_right,True,,use,use,aind_dynamic_foraging_behavior_video_analysis=0.2.0; aind_video_utils=0.7.0,2026-10-02T21:38:39+00:00
behavior_815334_2025-10-28_13-32-03,815334,BottomCamera,bottom_camera,True,,use,use,aind_dynamic_foraging_behavior_video_analysis=0.2.0; aind_video_utils=0.7.0,2026-10-02T21:37:04+00:00
behavior_815334_2025-10-28_13-32-03,815334,SideCameraRight,side_camera_right,True,,use,use,aind_dynamic_foraging_behavior_video_analysis=0.2.0; aind_video_utils=0.7.0,2026-10-02T21:38:42+00:00
behavior_815334_2025-10-29_12-56-15,815334,BottomCamera,bottom_camera,False,timing: exclude: harp_evenly_spaced,exclude: harp_evenly_spaced,use,aind_dynamic_foraging_behavior_video_analysis=0.2.0; aind_video_utils=0.7.0,2026-10-02T21:37:25+00:00
behavior_815334_2025-10-29_12-56-15,815334,SideCameraRight,side_camera_right,False,timing: exclude: harp_evenly_spaced,exclude: harp_evenly_spaced,use,aind_dynamic_foraging_behavior_video_analysis=0.2.0; aind_video_utils=0.7.0,2026-10-02T21:38:59+00:00
behavior_815334_2025-10-30_13-18-37,815334,BottomCamera,bottom_camera,True,,use,use,aind_dynamic_foraging_behavior_video_analysis=0.2.0; aind_video_utils=0.7.0,2026-10-02T21:38:50+00:00
behavior_815334_2025-10-30_13-18-37,815334,SideCameraRight,side_camera_right,True,,use,use,aind_dynamic_foraging_behavior_video_analysis=0.2.0; aind_video_utils=0.7.0,2026-10-02T21:40:26+00:00
behavior_815334_2025-10-31_13-31-18,815334,BottomCamera,bottom_camera,True,,use,use,aind_dynamic_foraging_behavior_video_analysis=0.2.0; aind_video_utils=0.7.0,2026-10-02T21:38:50+00:00
behavior_815334_2025-10-31_13-31-18,815334,SideCameraRight,side_camera_right,True,,use,use,aind_dynamic_foraging_behavior_video_analysis=0.2.0; aind_video_utils=0.7.0,2026-10-02T21:40:27+00:00
behavior_815334_2025-11-04_09-43-32,815334,BottomCamera,bottom_camera,False,timing: exclude: harp_evenly_spaced,exclude: harp_evenly_spaced,use,aind_dynamic_foraging_behavior_video_analysis=0.2.0; aind_video_utils=0.7.0,2026-10-02T21:39:02+00:00
behavior_815334_2025-11-04_09-43-32,815334,SideCameraRight,side_camera_right,False,timing: exclude: harp_evenly_spaced,exclude: harp_evenly_spaced,use,aind_dynamic_foraging_behavior_video_analysis=0.2.0; aind_video_utils=0.7.0,2026-10-02T21:40:32+00:00
behavior_815334_2025-11-12_10-26-10,815334,BottomCamera,bottom_camera,True,,use,use,aind_dynamic_foraging_behavior_video_analysis=0.2.0; aind_video_utils=0.7.0,2026-10-02T21:40:02+00:00
behavior_815334_2025-11-12_10-26-10,815334,SideCameraRight,side_camera_right,True,,use,use,aind_dynamic_foraging_behavior_video_analysis=0.2.0; aind_video_utils=0.7.0,2026-10-02T21:41:18+00:00
behavior_815334_2025-11-13_09-57-59,815334,BottomCamera,bottom_camera,True,,use,use,aind_dynamic_foraging_behavior_video_analysis=0.2.0; aind_video_utils=0.7.0,2026-10-02T21:40:12+00:00
behavior_815334_2025-11-13_09-57-59,815334,SideCameraRight,side_camera_right,True,,use,use,aind_dynamic_foraging_behavior_video_analysis=0.2.0; aind_video_utils=0.7.0,2026-10-02T21:41:43+00:00
behavior_815334_2025-11-14_09-11-13,815334,BottomCamera,bottom_camera,True,,use,use,aind_dynamic_foraging_behavior_video_analysis=0.2.0; aind_video_utils=0.7.0,2026-10-02T21:40:15+00:00
behavior_815334_2025-11-14_09-11-13,815334,SideCameraRight,side_camera_right,True,,use,use,aind_dynamic_foraging_behavior_video_analysis=0.2.0; aind_video_utils=0.7.0,2026-10-02T21:41:48+00:00
behavior_815334_2025-11-17_10-00-04,815334,BottomCamera,bottom_camera,True,,use,use,aind_dynamic_foraging_behavior_video_analysis=0.2.0; aind_video_utils=0.7.0,2026-10-02T21:40:33+00:00
behavior_815334_2025-11-17_10-00-04,815334,SideCameraRight,side_camera_right,True,,use,use,aind_dynamic_foraging_behavior_video_analysis=0.2.0; aind_video_utils=0.7.0,2026-10-02T21:41:53+00:00
behavior_816212_2025-11-13_14-13-21,816212,BottomCamera,bottom_camera,False,timing: exclude: trigger_log_count,exclude: trigger_log_count,use,aind_dynamic_foraging_behavior_video_analysis=0.2.0; aind_video_utils=0.7.0,2026-10-02T21:40:37+00:00
behavior_816212_2025-11-13_14-13-21,816212,SideCameraRight,side_camera_right,True,,use,use,aind_dynamic_foraging_behavior_video_analysis=0.2.0; aind_video_utils=0.7.0,2026-10-02T21:41:54+00:00
behavior_816212_2025-11-14_13-03-17,816212,BottomCamera,bottom_camera,False,timing: exclude: harp_evenly_spaced,exclude: harp_evenly_spaced,use,aind_dynamic_foraging_behavior_video_analysis=0.2.0; aind_video_utils=0.7.0,2026-10-02T21:41:50+00:00
behavior_816212_2025-11-14_13-03-17,816212,SideCameraRight,side_camera_right,False,timing: exclude: harp_evenly_spaced,exclude: harp_evenly_spaced,use,aind_dynamic_foraging_behavior_video_analysis=0.2.0; aind_video_utils=0.7.0,2026-10-02T21:43:17+00:00
behavior_816212_2025-11-17_13-49-54,816212,BottomCamera,bottom_camera,True,,use,use,aind_dynamic_foraging_behavior_video_analysis=0.2.0; aind_video_utils=0.7.0,2026-10-02T21:41:50+00:00
behavior_816212_2025-11-17_13-49-54,816212,SideCameraRight,side_camera_right,True,,use,use,aind_dynamic_foraging_behavior_video_analysis=0.2.0; aind_video_utils=0.7.0,2026-10-02T21:43:15+00:00
behavior_816212_2025-11-18_13-22-34,816212,BottomCamera,bottom_camera,True,,use,use,aind_dynamic_foraging_behavior_video_analysis=0.2.0; aind_video_utils=0.7.0,2026-10-02T21:41:50+00:00
behavior_816212_2025-11-18_13-22-34,816212,SideCameraRight,side_camera_right,True,,use,use,aind_dynamic_foraging_behavior_video_analysis=0.2.0; aind_video_utils=0.7.0,2026-10-02T21:43:19+00:00
behavior_816212_2025-11-19_13-19-09,816212,BottomCamera,bottom_camera,True,,use,use,aind_dynamic_foraging_behavior_video_analysis=0.2.0; aind_video_utils=0.7.0,2026-10-02T21:42:36+00:00
behavior_816212_2025-11-19_13-19-09,816212,SideCameraRight,side_camera_right,True,,use,use,aind_dynamic_foraging_behavior_video_analysis=0.2.0; aind_video_utils=0.7.0,2026-10-02T21:43:46+00:00
behavior_816212_2025-11-21_13-50-19,816212,BottomCamera,bottom_camera,True,,use,use,aind_dynamic_foraging_behavior_video_analysis=0.2.0; aind_video_utils=0.7.0,2026-10-02T21:43:09+00:00
behavior_816212_2025-11-21_13-50-19,816212,SideCameraRight,side_camera_right,True,,use,use,aind_dynamic_foraging_behavior_video_analysis=0.2.0; aind_video_utils=0.7.0,2026-10-02T21:44:39+00:00
behavior_816212_2025-11-24_13-32-17,816212,BottomCamera,bottom_camera,True,,use,use,aind_dynamic_foraging_behavior_video_analysis=0.2.0; aind_video_utils=0.7.0,2026-10-02T21:43:13+00:00
behavior_816212_2025-11-24_13-32-17,816212,SideCameraRight,side_camera_right,True,,use,use,aind_dynamic_foraging_behavior_video_analysis=0.2.0; aind_video_utils=0.7.0,2026-10-02T21:44:31+00:00
behavior_816212_2025-11-25_13-19-15,816212,BottomCamera,bottom_camera,False,timing: exclude: trigger_log_count,exclude: trigger_log_count,use,aind_dynamic_foraging_behavior_video_analysis=0.2.0; aind_video_utils=0.7.0,2026-10-02T21:43:22+00:00
behavior_816212_2025-11-25_13-19-15,816212,SideCameraRight,side_camera_right,True,,use,use,aind_dynamic_foraging_behavior_video_analysis=0.2.0; aind_video_utils=0.7.0,2026-10-02T21:44:46+00:00
behavior_816212_2025-11-26_13-27-32,816212,BottomCamera,bottom_camera,True,,use,use,aind_dynamic_foraging_behavior_video_analysis=0.2.0; aind_video_utils=0.7.0,2026-10-02T21:43:26+00:00
behavior_816212_2025-11-26_13-27-32,816212,SideCameraRight,side_camera_right,True,,use,use,aind_dynamic_foraging_behavior_video_analysis=0.2.0; aind_video_utils=0.7.0,2026-10-02T21:44:46+00:00
behavior_816212_2025-12-01_13-43-21,816212,BottomCamera,bottom_camera,True,,use,use,aind_dynamic_foraging_behavior_video_analysis=0.2.0; aind_video_utils=0.7.0,2026-10-02T21:44:39+00:00
behavior_816212_2025-12-01_13-43-21,816212,SideCameraRight,side_camera_right,True,,use,use,aind_dynamic_foraging_behavior_video_analysis=0.2.0; aind_video_utils=0.7.0,2026-10-02T21:47:54+00:00
behavior_816212_2025-12-02_13-36-19,816212,BottomCamera,bottom_camera,False,timing: exclude: trigger_log_count,exclude: trigger_log_count,use,aind_dynamic_foraging_behavior_video_analysis=0.2.0; aind_video_utils=0.7.0,2026-10-02T21:44:43+00:00
behavior_816212_2025-12-02_13-36-19,816212,SideCameraRight,side_camera_right,True,,use,use,aind_dynamic_foraging_behavior_video_analysis=0.2.0; aind_video_utils=0.7.0,2026-10-02T21:49:10+00:00
behavior_816212_2025-12-03_13-36-17,816212,BottomCamera,bottom_camera,False,timing: exclude: harp_evenly_spaced,exclude: harp_evenly_spaced,use,aind_dynamic_foraging_behavior_video_analysis=0.2.0; aind_video_utils=0.7.0,2026-10-02T21:44:45+00:00
behavior_816212_2025-12-03_13-36-17,816212,SideCameraRight,side_camera_right,False,timing: exclude: harp_evenly_spaced,exclude: harp_evenly_spaced,use,aind_dynamic_foraging_behavior_video_analysis=0.2.0; aind_video_utils=0.7.0,2026-10-02T21:48:21+00:00
behavior_816212_2025-12-04_14-05-55,816212,BottomCamera,bottom_camera,True,,use,use,aind_dynamic_foraging_behavior_video_analysis=0.2.0; aind_video_utils=0.7.0,2026-10-02T21:52:28+00:00
behavior_816212_2025-12-04_14-05-55,816212,SideCameraRight,side_camera_right,True,,use,use,aind_dynamic_foraging_behavior_video_analysis=0.2.0; aind_video_utils=0.7.0,2026-10-02T21:48:10+00:00
behavior_816212_2025-12-05_13-47-41,816212,BottomCamera,bottom_camera,True,,use,use,aind_dynamic_foraging_behavior_video_analysis=0.2.0; aind_video_utils=0.7.0,2026-10-02T21:47:40+00:00
behavior_816212_2025-12-05_13-47-41,816212,SideCameraRight,side_camera_right,True,,use,use,aind_dynamic_foraging_behavior_video_analysis=0.2.0; aind_video_utils=0.7.0,2026-10-02T21:52:28+00:00
behavior_816212_2025-12-09_12-51-52,816212,BottomCamera,bottom_camera,True,,use,use,aind_dynamic_foraging_behavior_video_analysis=0.2.0; aind_video_utils=0.7.0,2026-10-02T21:47:49+00:00
behavior_816212_2025-12-09_12-51-52,816212,SideCameraRight,side_camera_right,True,,use,use,aind_dynamic_foraging_behavior_video_analysis=0.2.0; aind_video_utils=0.7.0,2026-10-02T21:49:48+00:00
behavior_816212_2025-12-10_13-27-38,816212,BottomCamera,bottom_camera,False,timing: exclude: harp_evenly_spaced,exclude: harp_evenly_spaced,use,aind_dynamic_foraging_behavior_video_analysis=0.2.0; aind_video_utils=0.7.0,2026-10-02T21:47:50+00:00
behavior_816212_2025-12-10_13-27-38,816212,SideCameraRight,side_camera_right,False,timing: exclude: harp_evenly_spaced,exclude: harp_evenly_spaced,use,aind_dynamic_foraging_behavior_video_analysis=0.2.0; aind_video_utils=0.7.0,2026-10-02T21:50:21+00:00
behavior_816212_2025-12-11_13-24-29,816212,BottomCamera,bottom_camera,True,,use,use,aind_dynamic_foraging_behavior_video_analysis=0.2.0; aind_video_utils=0.7.0,2026-10-02T21:49:03+00:00
behavior_816212_2025-12-11_13-24-29,816212,SideCameraRight,side_camera_right,True,,use,use,aind_dynamic_foraging_behavior_video_analysis=0.2.0; aind_video_utils=0.7.0,2026-10-02T21:50:54+00:00
behavior_816212_2025-12-23_10-47-30,816212,BottomCamera,bottom_camera,False,quality: exclude: similarity p5 < 0.998,use,exclude: similarity p5 < 0.998,aind_dynamic_foraging_behavior_video_analysis=0.2.0; aind_video_utils=0.7.0,2026-10-02T21:52:28+00:00
behavior_816212_2025-12-23_10-47-30,816212,SideCameraRight,side_camera_right,True,,use,use,aind_dynamic_foraging_behavior_video_analysis=0.2.0; aind_video_utils=0.7.0,2026-10-02T21:55:00+00:00
behavior_816212_2025-12-24_10-59-57,816212,BottomCamera,bottom_camera,False,timing: exclude: clock_rates_agree,exclude: clock_rates_agree,use,aind_dynamic_foraging_behavior_video_analysis=0.2.0; aind_video_utils=0.7.0,2026-10-02T21:52:28+00:00
behavior_816212_2025-12-24_10-59-57,816212,SideCameraRight,side_camera_right,True,,use,use,aind_dynamic_foraging_behavior_video_analysis=0.2.0; aind_video_utils=0.7.0,2026-10-02T21:54:33+00:00
behavior_816214_2025-12-01_09-08-08,816214,BottomCamera,bottom_camera,True,,use,use,aind_dynamic_foraging_behavior_video_analysis=0.2.0; aind_video_utils=0.7.0,2026-10-02T21:52:28+00:00
behavior_816214_2025-12-01_09-08-08,816214,SideCameraRight,side_camera_right,True,,use,use,aind_dynamic_foraging_behavior_video_analysis=0.2.0; aind_video_utils=0.7.0,2026-10-02T21:55:05+00:00
behavior_816214_2025-12-02_08-28-39,816214,BottomCamera,bottom_camera,True,,use,use,aind_dynamic_foraging_behavior_video_analysis=0.2.0; aind_video_utils=0.7.0,2026-10-02T21:53:25+00:00
behavior_816214_2025-12-02_08-28-39,816214,SideCameraRight,side_camera_right,True,,use,use,aind_dynamic_foraging_behavior_video_analysis=0.2.0; aind_video_utils=0.7.0,2026-10-02T21:55:08+00:00
behavior_816214_2025-12-03_08-39-48,816214,BottomCamera,bottom_camera,True,,use,use,aind_dynamic_foraging_behavior_video_analysis=0.2.0; aind_video_utils=0.7.0,2026-10-02T21:55:02+00:00
behavior_816214_2025-12-03_08-39-48,816214,SideCameraRight,side_camera_right,True,,use,use,aind_dynamic_foraging_behavior_video_analysis=0.2.0; aind_video_utils=0.7.0,2026-10-02T22:09:16+00:00
behavior_816214_2025-12-04_08-51-42,816214,BottomCamera,bottom_camera,True,,use,use,aind_dynamic_foraging_behavior_video_analysis=0.2.0; aind_video_utils=0.7.0,2026-10-02T21:55:03+00:00
behavior_816214_2025-12-04_08-51-42,816214,SideCameraRight,side_camera_right,True,,use,use,aind_dynamic_foraging_behavior_video_analysis=0.2.0; aind_video_utils=0.7.0,2026-10-02T22:08:42+00:00
behavior_816214_2025-12-05_09-03-03,816214,BottomCamera,bottom_camera,True,,use,use,aind_dynamic_foraging_behavior_video_analysis=0.2.0; aind_video_utils=0.7.0,2026-10-02T21:55:05+00:00
behavior_816214_2025-12-05_09-03-03,816214,SideCameraRight,side_camera_right,True,,use,use,aind_dynamic_foraging_behavior_video_analysis=0.2.0; aind_video_utils=0.7.0,2026-10-02T22:09:24+00:00
behavior_816883_2025-11-18_13-15-06,816883,BottomCamera,bottom_camera,True,,use,use,aind_dynamic_foraging_behavior_video_analysis=0.2.0; aind_video_utils=0.7.0,2026-10-02T19:36:51+00:00
behavior_816883_2025-11-18_13-15-06,816883,SideCameraRight,side_camera_right,True,,use,use,aind_dynamic_foraging_behavior_video_analysis=0.2.0; aind_video_utils=0.7.0,2026-10-02T19:39:16+00:00
behavior_816883_2025-11-19_13-22-00,816883,BottomCamera,bottom_camera,True,,use,use,aind_dynamic_foraging_behavior_video_analysis=0.2.0; aind_video_utils=0.7.0,2026-10-02T19:36:53+00:00
behavior_816883_2025-11-19_13-22-00,816883,SideCameraRight,side_camera_right,True,,use,use,aind_dynamic_foraging_behavior_video_analysis=0.2.0; aind_video_utils=0.7.0,2026-10-02T19:39:13+00:00
behavior_816883_2025-11-21_13-57-39,816883,BottomCamera,bottom_camera,True,,use,use,aind_dynamic_foraging_behavior_video_analysis=0.2.0; aind_video_utils=0.7.0,2026-10-02T19:36:53+00:00
behavior_816883_2025-11-21_13-57-39,816883,SideCameraRight,side_camera_right,True,,use,use,aind_dynamic_foraging_behavior_video_analysis=0.2.0; aind_video_utils=0.7.0,2026-10-02T19:39:15+00:00
behavior_816883_2025-11-24_13-29-02,816883,BottomCamera,bottom_camera,True,,use,use,aind_dynamic_foraging_behavior_video_analysis=0.2.0; aind_video_utils=0.7.0,2026-10-02T19:36:53+00:00
behavior_816883_2025-11-24_13-29-02,816883,SideCameraRight,side_camera_right,True,,use,use,aind_dynamic_foraging_behavior_video_analysis=0.2.0; aind_video_utils=0.7.0,2026-10-02T19:39:18+00:00
behavior_816883_2025-11-25_13-16-06,816883,BottomCamera,bottom_camera,True,,use,use,aind_dynamic_foraging_behavior_video_analysis=0.2.0; aind_video_utils=0.7.0,2026-10-02T19:36:55+00:00
behavior_816883_2025-11-25_13-16-06,816883,SideCameraRight,side_camera_right,True,,use,use,aind_dynamic_foraging_behavior_video_analysis=0.2.0; aind_video_utils=0.7.0,2026-10-02T19:39:17+00:00
behavior_816883_2025-11-26_13-25-29,816883,BottomCamera,bottom_camera,True,,use,use,aind_dynamic_foraging_behavior_video_analysis=0.2.0; aind_video_utils=0.7.0,2026-10-02T19:39:13+00:00
behavior_816883_2025-11-26_13-25-29,816883,SideCameraRight,side_camera_right,True,,use,use,aind_dynamic_foraging_behavior_video_analysis=0.2.0; aind_video_utils=0.7.0,2026-10-02T19:41:23+00:00
behavior_816883_2025-12-01_13-40-06,816883,BottomCamera,bottom_camera,True,,use,use,aind_dynamic_foraging_behavior_video_analysis=0.2.0; aind_video_utils=0.7.0,2026-10-02T19:41:18+00:00
behavior_816883_2025-12-01_13-40-06,816883,SideCameraRight,side_camera_right,True,,use,use,aind_dynamic_foraging_behavior_video_analysis=0.2.0; aind_video_utils=0.7.0,2026-10-02T19:44:04+00:00
behavior_816883_2025-12-02_13-32-30,816883,BottomCamera,bottom_camera,True,,use,use,aind_dynamic_foraging_behavior_video_analysis=0.2.0; aind_video_utils=0.7.0,2026-10-02T19:41:23+00:00
behavior_816883_2025-12-02_13-32-30,816883,SideCameraRight,side_camera_right,True,,use,use,aind_dynamic_foraging_behavior_video_analysis=0.2.0; aind_video_utils=0.7.0,2026-10-02T19:44:06+00:00
behavior_816883_2025-12-03_13-33-39,816883,BottomCamera,bottom_camera,False,timing: exclude: harp_evenly_spaced,exclude: harp_evenly_spaced,use,aind_dynamic_foraging_behavior_video_analysis=0.2.0; aind_video_utils=0.7.0,2026-10-02T19:41:29+00:00
behavior_816883_2025-12-03_13-33-39,816883,SideCameraRight,side_camera_right,False,timing: exclude: harp_evenly_spaced,exclude: harp_evenly_spaced,use,aind_dynamic_foraging_behavior_video_analysis=0.2.0; aind_video_utils=0.7.0,2026-10-02T19:44:08+00:00
behavior_816883_2025-12-04_14-02-35,816883,BottomCamera,bottom_camera,True,,use,use,aind_dynamic_foraging_behavior_video_analysis=0.2.0; aind_video_utils=0.7.0,2026-10-02T19:41:34+00:00
behavior_816883_2025-12-04_14-02-35,816883,SideCameraRight,side_camera_right,True,,use,use,aind_dynamic_foraging_behavior_video_analysis=0.2.0; aind_video_utils=0.7.0,2026-10-02T19:44:10+00:00
behavior_816883_2025-12-05_13-45-14,816883,BottomCamera,bottom_camera,True,,use,use,aind_dynamic_foraging_behavior_video_analysis=0.2.0; aind_video_utils=0.7.0,2026-10-02T19:41:38+00:00
behavior_816883_2025-12-05_13-45-14,816883,SideCameraRight,side_camera_right,True,,use,use,aind_dynamic_foraging_behavior_video_analysis=0.2.0; aind_video_utils=0.7.0,2026-10-02T19:44:08+00:00
behavior_816883_2025-12-09_12-49-49,816883,BottomCamera,bottom_camera,True,,use,use,aind_dynamic_foraging_behavior_video_analysis=0.2.0; aind_video_utils=0.7.0,2026-10-02T19:41:42+00:00
behavior_816883_2025-12-09_12-49-49,816883,SideCameraRight,side_camera_right,True,,use,use,aind_dynamic_foraging_behavior_video_analysis=0.2.0; aind_video_utils=0.7.0,2026-10-02T19:44:11+00:00
behavior_816883_2025-12-10_13-25-37,816883,BottomCamera,bottom_camera,True,,use,use,aind_dynamic_foraging_behavior_video_analysis=0.2.0; aind_video_utils=0.7.0,2026-10-02T19:41:42+00:00
behavior_816883_2025-12-10_13-25-37,816883,SideCameraRight,side_camera_right,True,,use,use,aind_dynamic_foraging_behavior_video_analysis=0.2.0; aind_video_utils=0.7.0,2026-10-02T19:44:11+00:00
behavior_816883_2025-12-11_13-16-47,816883,BottomCamera,bottom_camera,True,,use,use,aind_dynamic_foraging_behavior_video_analysis=0.2.0; aind_video_utils=0.7.0,2026-10-02T19:43:58+00:00
behavior_816883_2025-12-11_13-16-47,816883,SideCameraRight,side_camera_right,True,,use,use,aind_dynamic_foraging_behavior_video_analysis=0.2.0; aind_video_utils=0.7.0,2026-10-02T19:46:36+00:00
behavior_816883_2025-12-23_12-47-14,816883,BottomCamera,bottom_camera,True,,use,use,aind_dynamic_foraging_behavior_video_analysis=0.2.0; aind_video_utils=0.7.0,2026-10-02T19:46:32+00:00
behavior_816883_2025-12-23_12-47-14,816883,SideCameraRight,side_camera_right,False,quality: exclude: pct_clipped_high median <= 3.75,use,exclude: pct_clipped_high median <= 3.75,aind_dynamic_foraging_behavior_video_analysis=0.2.0; aind_video_utils=0.7.0,2026-10-02T19:49:19+00:00
behavior_816883_2025-12-24_12-31-44,816883,BottomCamera,bottom_camera,True,,use,use,aind_dynamic_foraging_behavior_video_analysis=0.2.0; aind_video_utils=0.7.0,2026-10-02T19:46:47+00:00
behavior_816883_2025-12-24_12-31-44,816883,SideCameraRight,side_camera_right,False,quality: exclude: pct_clipped_high median <= 3.75,use,exclude: pct_clipped_high median <= 3.75,aind_dynamic_foraging_behavior_video_analysis=0.2.0; aind_video_utils=0.7.0,2026-10-02T19:49:25+00:00
behavior_816883_2026-01-05_14-06-18,816883,BottomCamera,bottom_camera,True,,use,use,aind_dynamic_foraging_behavior_video_analysis=0.2.0; aind_video_utils=0.7.0,2026-10-02T19:46:50+00:00
behavior_816883_2026-01-05_14-06-18,816883,SideCameraRight,side_camera_right,True,,use,use,aind_dynamic_foraging_behavior_video_analysis=0.2.0; aind_video_utils=0.7.0,2026-10-02T19:49:30+00:00
behavior_816883_2026-01-06_13-14-46,816883,BottomCamera,bottom_camera,True,,use,use,aind_dynamic_foraging_behavior_video_analysis=0.2.0; aind_video_utils=0.7.0,2026-10-02T19:46:50+00:00
behavior_816883_2026-01-06_13-14-46,816883,SideCameraRight,side_camera_right,True,,use,use,aind_dynamic_foraging_behavior_video_analysis=0.2.0; aind_video_utils=0.7.0,2026-10-02T19:49:30+00:00
behavior_816883_2026-01-07_13-11-39,816883,BottomCamera,bottom_camera,True,,use,use,aind_dynamic_foraging_behavior_video_analysis=0.2.0; aind_video_utils=0.7.0,2026-10-02T19:46:53+00:00
behavior_816883_2026-01-07_13-11-39,816883,SideCameraRight,side_camera_right,True,,use,use,aind_dynamic_foraging_behavior_video_analysis=0.2.0; aind_video_utils=0.7.0,2026-10-02T19:49:30+00:00
behavior_816883_2026-01-09_13-51-45,816883,BottomCamera,bottom_camera,True,,use,use,aind_dynamic_foraging_behavior_video_analysis=0.2.0; aind_video_utils=0.7.0,2026-10-02T19:46:56+00:00
behavior_816883_2026-01-09_13-51-45,816883,SideCameraRight,side_camera_right,True,,use,use,aind_dynamic_foraging_behavior_video_analysis=0.2.0; aind_video_utils=0.7.0,2026-10-02T19:49:33+00:00
behavior_818580_2025-11-07_08-40-19,818580,BottomCamera,bottom_camera,True,,use,use,aind_dynamic_foraging_behavior_video_analysis=0.2.0; aind_video_utils=0.7.0,2026-10-02T19:46:57+00:00
behavior_818580_2025-11-07_08-40-19,818580,SideCameraRight,side_camera_right,True,,use,use,aind_dynamic_foraging_behavior_video_analysis=0.2.0; aind_video_utils=0.7.0,2026-10-02T19:49:32+00:00
behavior_818580_2025-11-10_09-33-57,818580,BottomCamera,bottom_camera,True,,use,use,aind_dynamic_foraging_behavior_video_analysis=0.2.0; aind_video_utils=0.7.0,2026-10-02T19:49:27+00:00
behavior_818580_2025-11-10_09-33-57,818580,SideCameraRight,side_camera_right,True,,use,use,aind_dynamic_foraging_behavior_video_analysis=0.2.0; aind_video_utils=0.7.0,2026-10-02T19:51:47+00:00
behavior_818580_2025-11-11_10-17-51,818580,BottomCamera,bottom_camera,True,,use,use,aind_dynamic_foraging_behavior_video_analysis=0.2.0; aind_video_utils=0.7.0,2026-10-02T19:51:40+00:00
behavior_818580_2025-11-11_10-17-51,818580,SideCameraRight,side_camera_right,True,,use,use,aind_dynamic_foraging_behavior_video_analysis=0.2.0; aind_video_utils=0.7.0,2026-10-02T19:54:13+00:00
behavior_818580_2025-11-12_09-15-52,818580,BottomCamera,bottom_camera,True,,use,use,aind_dynamic_foraging_behavior_video_analysis=0.2.0; aind_video_utils=0.7.0,2026-10-02T19:51:43+00:00
behavior_818580_2025-11-12_09-15-52,818580,SideCameraRight,side_camera_right,True,,use,use,aind_dynamic_foraging_behavior_video_analysis=0.2.0; aind_video_utils=0.7.0,2026-10-02T19:54:18+00:00
behavior_818580_2025-11-13_09-55-28,818580,BottomCamera,bottom_camera,True,,use,use,aind_dynamic_foraging_behavior_video_analysis=0.2.0; aind_video_utils=0.7.0,2026-10-02T19:51:48+00:00
behavior_818580_2025-11-13_09-55-28,818580,SideCameraRight,side_camera_right,True,,use,use,aind_dynamic_foraging_behavior_video_analysis=0.2.0; aind_video_utils=0.7.0,2026-10-02T19:54:23+00:00
behavior_818580_2025-11-17_10-12-00,818580,BottomCamera,bottom_camera,True,,use,use,aind_dynamic_foraging_behavior_video_analysis=0.2.0; aind_video_utils=0.7.0,2026-10-02T19:51:48+00:00
behavior_818580_2025-11-17_10-12-00,818580,SideCameraRight,side_camera_right,True,,use,use,aind_dynamic_foraging_behavior_video_analysis=0.2.0; aind_video_utils=0.7.0,2026-10-02T19:54:20+00:00
behavior_818580_2025-11-19_10-10-06,818580,BottomCamera,bottom_camera,True,,use,use,aind_dynamic_foraging_behavior_video_analysis=0.2.0; aind_video_utils=0.7.0,2026-10-02T19:51:50+00:00
behavior_818580_2025-11-19_10-10-06,818580,SideCameraRight,side_camera_right,True,,use,use,aind_dynamic_foraging_behavior_video_analysis=0.2.0; aind_video_utils=0.7.0,2026-10-02T19:54:23+00:00
behavior_818580_2025-11-20_10-42-16,818580,BottomCamera,bottom_camera,True,,use,use,aind_dynamic_foraging_behavior_video_analysis=0.2.0; aind_video_utils=0.7.0,2026-10-02T19:51:52+00:00
behavior_818580_2025-11-20_10-42-16,818580,SideCameraRight,side_camera_right,True,,use,use,aind_dynamic_foraging_behavior_video_analysis=0.2.0; aind_video_utils=0.7.0,2026-10-02T19:54:23+00:00
behavior_818580_2025-11-21_10-08-11,818580,BottomCamera,bottom_camera,False,timing: exclude: harp_evenly_spaced,exclude: harp_evenly_spaced,use,aind_dynamic_foraging_behavior_video_analysis=0.2.0; aind_video_utils=0.7.0,2026-10-02T19:51:53+00:00
behavior_818580_2025-11-21_10-08-11,818580,SideCameraRight,side_camera_right,False,timing: exclude: harp_evenly_spaced,exclude: harp_evenly_spaced,use,aind_dynamic_foraging_behavior_video_analysis=0.2.0; aind_video_utils=0.7.0,2026-10-02T19:54:22+00:00
behavior_818580_2025-11-24_09-55-13,818580,BottomCamera,bottom_camera,False,timing: exclude: harp_evenly_spaced,exclude: harp_evenly_spaced,use,aind_dynamic_foraging_behavior_video_analysis=0.2.0; aind_video_utils=0.7.0,2026-10-02T19:54:21+00:00
behavior_818580_2025-11-24_09-55-13,818580,SideCameraRight,side_camera_right,False,timing: exclude: harp_evenly_spaced,exclude: harp_evenly_spaced,use,aind_dynamic_foraging_behavior_video_analysis=0.2.0; aind_video_utils=0.7.0,2026-10-02T19:56:39+00:00
behavior_818580_2025-11-25_10-33-49,818580,BottomCamera,bottom_camera,False,timing: exclude: trigger_log_count,exclude: trigger_log_count,use,aind_dynamic_foraging_behavior_video_analysis=0.2.0; aind_video_utils=0.7.0,2026-10-02T19:56:26+00:00
behavior_818580_2025-11-25_10-33-49,818580,SideCameraRight,side_camera_right,True,,use,use,aind_dynamic_foraging_behavior_video_analysis=0.2.0; aind_video_utils=0.7.0,2026-10-02T19:58:42+00:00
behavior_818580_2025-11-26_10-55-34,818580,BottomCamera,bottom_camera,True,,use,use,aind_dynamic_foraging_behavior_video_analysis=0.2.0; aind_video_utils=0.7.0,2026-10-02T19:56:37+00:00
behavior_818580_2025-11-26_10-55-34,818580,SideCameraRight,side_camera_right,True,,use,use,aind_dynamic_foraging_behavior_video_analysis=0.2.0; aind_video_utils=0.7.0,2026-10-02T19:58:51+00:00
behavior_818580_2025-12-01_12-52-15,818580,BottomCamera,bottom_camera,True,,use,use,aind_dynamic_foraging_behavior_video_analysis=0.2.0; aind_video_utils=0.7.0,2026-10-02T19:56:38+00:00
behavior_818580_2025-12-01_12-52-15,818580,SideCameraRight,side_camera_right,True,,use,use,aind_dynamic_foraging_behavior_video_analysis=0.2.0; aind_video_utils=0.7.0,2026-10-02T19:58:55+00:00
behavior_818580_2025-12-02_12-54-21,818580,BottomCamera,bottom_camera,True,,use,use,aind_dynamic_foraging_behavior_video_analysis=0.2.0; aind_video_utils=0.7.0,2026-10-02T19:56:38+00:00
behavior_818580_2025-12-02_12-54-21,818580,SideCameraRight,side_camera_right,True,,use,use,aind_dynamic_foraging_behavior_video_analysis=0.2.0; aind_video_utils=0.7.0,2026-10-02T19:59:04+00:00
behavior_818580_2025-12-03_13-10-47,818580,BottomCamera,bottom_camera,False,timing: exclude: harp_evenly_spaced,exclude: harp_evenly_spaced,use,aind_dynamic_foraging_behavior_video_analysis=0.2.0; aind_video_utils=0.7.0,2026-10-02T19:56:38+00:00
behavior_818580_2025-12-03_13-10-47,818580,SideCameraRight,side_camera_right,False,timing: exclude: harp_evenly_spaced,exclude: harp_evenly_spaced,use,aind_dynamic_foraging_behavior_video_analysis=0.2.0; aind_video_utils=0.7.0,2026-10-02T19:58:59+00:00
behavior_818580_2025-12-04_12-55-02,818580,BottomCamera,bottom_camera,True,,use,use,aind_dynamic_foraging_behavior_video_analysis=0.2.0; aind_video_utils=0.7.0,2026-10-02T19:56:44+00:00
behavior_818580_2025-12-04_12-55-02,818580,SideCameraRight,side_camera_right,True,,use,use,aind_dynamic_foraging_behavior_video_analysis=0.2.0; aind_video_utils=0.7.0,2026-10-02T19:58:59+00:00
behavior_818580_2025-12-05_13-45-45,818580,BottomCamera,bottom_camera,True,,use,use,aind_dynamic_foraging_behavior_video_analysis=0.2.0; aind_video_utils=0.7.0,2026-10-02T19:56:45+00:00
behavior_818580_2025-12-05_13-45-45,818580,SideCameraRight,side_camera_right,True,,use,use,aind_dynamic_foraging_behavior_video_analysis=0.2.0; aind_video_utils=0.7.0,2026-10-02T19:59:03+00:00
behavior_818580_2025-12-08_15-01-24,818580,BottomCamera,bottom_camera,True,,use,use,aind_dynamic_foraging_behavior_video_analysis=0.2.0; aind_video_utils=0.7.0,2026-10-02T19:59:03+00:00
behavior_818580_2025-12-08_15-01-24,818580,SideCameraRight,side_camera_right,True,,use,use,aind_dynamic_foraging_behavior_video_analysis=0.2.0; aind_video_utils=0.7.0,2026-10-02T20:01:06+00:00
behavior_818580_2025-12-09_12-38-00,818580,BottomCamera,bottom_camera,True,,use,use,aind_dynamic_foraging_behavior_video_analysis=0.2.0; aind_video_utils=0.7.0,2026-10-02T20:00:53+00:00
behavior_818580_2025-12-09_12-38-00,818580,SideCameraRight,side_camera_right,True,,use,use,aind_dynamic_foraging_behavior_video_analysis=0.2.0; aind_video_utils=0.7.0,2026-10-02T20:03:22+00:00
behavior_818585_2025-12-05_09-45-45,818585,BottomCamera,bottom_camera,True,,use,use,aind_dynamic_foraging_behavior_video_analysis=0.2.0; aind_video_utils=0.7.0,2026-10-02T20:00:54+00:00
behavior_818585_2025-12-05_09-45-45,818585,SideCameraRight,side_camera_right,True,,use,use,aind_dynamic_foraging_behavior_video_analysis=0.2.0; aind_video_utils=0.7.0,2026-10-02T20:03:24+00:00
behavior_818585_2025-12-08_09-28-19,818585,BottomCamera,bottom_camera,True,,use,use,aind_dynamic_foraging_behavior_video_analysis=0.2.0; aind_video_utils=0.7.0,2026-10-02T20:01:02+00:00
behavior_818585_2025-12-08_09-28-19,818585,SideCameraRight,side_camera_right,True,,use,use,aind_dynamic_foraging_behavior_video_analysis=0.2.0; aind_video_utils=0.7.0,2026-10-02T20:03:29+00:00
behavior_818585_2025-12-09_09-06-04,818585,BottomCamera,bottom_camera,True,,use,use,aind_dynamic_foraging_behavior_video_analysis=0.2.0; aind_video_utils=0.7.0,2026-10-02T20:01:07+00:00
behavior_818585_2025-12-09_09-06-04,818585,SideCameraRight,side_camera_right,True,,use,use,aind_dynamic_foraging_behavior_video_analysis=0.2.0; aind_video_utils=0.7.0,2026-10-02T20:03:30+00:00
behavior_818585_2025-12-10_09-38-40,818585,BottomCamera,bottom_camera,False,timing: exclude: harp_evenly_spaced,exclude: harp_evenly_spaced,use,aind_dynamic_foraging_behavior_video_analysis=0.2.0; aind_video_utils=0.7.0,2026-10-02T20:01:08+00:00
behavior_818585_2025-12-10_09-38-40,818585,SideCameraRight,side_camera_right,False,timing: exclude: harp_evenly_spaced,exclude: harp_evenly_spaced,use,aind_dynamic_foraging_behavior_video_analysis=0.2.0; aind_video_utils=0.7.0,2026-10-02T20:03:35+00:00
behavior_818585_2025-12-11_09-49-52,818585,BottomCamera,bottom_camera,True,,use,use,aind_dynamic_foraging_behavior_video_analysis=0.2.0; aind_video_utils=0.7.0,2026-10-02T20:01:08+00:00
behavior_818585_2025-12-11_09-49-52,818585,SideCameraRight,side_camera_right,True,,use,use,aind_dynamic_foraging_behavior_video_analysis=0.2.0; aind_video_utils=0.7.0,2026-10-02T20:03:34+00:00
behavior_818585_2025-12-12_09-53-10,818585,BottomCamera,bottom_camera,True,,use,use,aind_dynamic_foraging_behavior_video_analysis=0.2.0; aind_video_utils=0.7.0,2026-10-02T20:01:09+00:00
behavior_818585_2025-12-12_09-53-10,818585,SideCameraRight,side_camera_right,True,,use,use,aind_dynamic_foraging_behavior_video_analysis=0.2.0; aind_video_utils=0.7.0,2026-10-02T20:03:33+00:00
behavior_818585_2025-12-15_09-45-47,818585,BottomCamera,bottom_camera,True,,use,use,aind_dynamic_foraging_behavior_video_analysis=0.2.0; aind_video_utils=0.7.0,2026-10-02T20:03:36+00:00
behavior_818585_2025-12-15_09-45-47,818585,SideCameraRight,side_camera_right,True,,use,use,aind_dynamic_foraging_behavior_video_analysis=0.2.0; aind_video_utils=0.7.0,2026-10-02T20:05:52+00:00
behavior_818585_2025-12-16_09-49-11,818585,BottomCamera,bottom_camera,True,,use,use,aind_dynamic_foraging_behavior_video_analysis=0.2.0; aind_video_utils=0.7.0,2026-10-02T20:05:36+00:00
behavior_818585_2025-12-16_09-49-11,818585,SideCameraRight,side_camera_right,True,,use,use,aind_dynamic_foraging_behavior_video_analysis=0.2.0; aind_video_utils=0.7.0,2026-10-02T20:07:49+00:00
behavior_818585_2025-12-22_13-10-50,818585,BottomCamera,bottom_camera,True,,use,use,aind_dynamic_foraging_behavior_video_analysis=0.2.0; aind_video_utils=0.7.0,2026-10-02T20:05:46+00:00
behavior_818585_2025-12-22_13-10-50,818585,SideCameraRight,side_camera_right,True,,use,use,aind_dynamic_foraging_behavior_video_analysis=0.2.0; aind_video_utils=0.7.0,2026-10-02T20:08:00+00:00
behavior_818585_2026-01-05_14-39-35,818585,BottomCamera,bottom_camera,True,,use,use,aind_dynamic_foraging_behavior_video_analysis=0.2.0; aind_video_utils=0.7.0,2026-10-02T20:05:48+00:00
behavior_818585_2026-01-05_14-39-35,818585,SideCameraRight,side_camera_right,True,,use,use,aind_dynamic_foraging_behavior_video_analysis=0.2.0; aind_video_utils=0.7.0,2026-10-02T20:08:10+00:00
behavior_818585_2026-01-06_13-18-40,818585,BottomCamera,bottom_camera,True,,use,use,aind_dynamic_foraging_behavior_video_analysis=0.2.0; aind_video_utils=0.7.0,2026-10-02T20:05:49+00:00
behavior_818585_2026-01-06_13-18-40,818585,SideCameraRight,side_camera_right,True,,use,use,aind_dynamic_foraging_behavior_video_analysis=0.2.0; aind_video_utils=0.7.0,2026-10-02T20:08:04+00:00
behavior_818585_2026-01-07_13-21-44,818585,BottomCamera,bottom_camera,True,,use,use,aind_dynamic_foraging_behavior_video_analysis=0.2.0; aind_video_utils=0.7.0,2026-10-02T20:05:53+00:00
behavior_818585_2026-01-07_13-21-44,818585,SideCameraRight,side_camera_right,True,,use,use,aind_dynamic_foraging_behavior_video_analysis=0.2.0; aind_video_utils=0.7.0,2026-10-02T20:08:09+00:00
behavior_818585_2026-01-08_13-10-10,818585,BottomCamera,bottom_camera,True,,use,use,aind_dynamic_foraging_behavior_video_analysis=0.2.0; aind_video_utils=0.7.0,2026-10-02T20:05:54+00:00
behavior_818585_2026-01-08_13-10-10,818585,SideCameraRight,side_camera_right,True,,use,use,aind_dynamic_foraging_behavior_video_analysis=0.2.0; aind_video_utils=0.7.0,2026-10-02T20:08:14+00:00
behavior_818585_2026-01-09_14-11-07,818585,BottomCamera,bottom_camera,True,,use,use,aind_dynamic_foraging_behavior_video_analysis=0.2.0; aind_video_utils=0.7.0,2026-10-02T20:05:56+00:00
behavior_818585_2026-01-09_14-11-07,818585,SideCameraRight,side_camera_right,True,,use,use,aind_dynamic_foraging_behavior_video_analysis=0.2.0; aind_video_utils=0.7.0,2026-10-02T20:07:59+00:00
behavior_818585_2026-01-12_14-16-12,818585,BottomCamera,bottom_camera,True,,use,use,aind_dynamic_foraging_behavior_video_analysis=0.2.0; aind_video_utils=0.7.0,2026-10-02T20:08:11+00:00
behavior_818585_2026-01-12_14-16-12,818585,SideCameraRight,side_camera_right,True,,use,use,aind_dynamic_foraging_behavior_video_analysis=0.2.0; aind_video_utils=0.7.0,2026-10-02T20:10:36+00:00
behavior_818585_2026-01-13_14-00-21,818585,BottomCamera,bottom_camera,True,,use,use,aind_dynamic_foraging_behavior_video_analysis=0.2.0; aind_video_utils=0.7.0,2026-10-02T20:10:24+00:00
behavior_818585_2026-01-13_14-00-21,818585,SideCameraRight,side_camera_right,True,,use,use,aind_dynamic_foraging_behavior_video_analysis=0.2.0; aind_video_utils=0.7.0,2026-10-02T20:12:53+00:00
behavior_818585_2026-01-14_13-25-17,818585,BottomCamera,bottom_camera,True,,use,use,aind_dynamic_foraging_behavior_video_analysis=0.2.0; aind_video_utils=0.7.0,2026-10-02T20:10:33+00:00
behavior_818585_2026-01-14_13-25-17,818585,SideCameraRight,side_camera_right,True,,use,use,aind_dynamic_foraging_behavior_video_analysis=0.2.0; aind_video_utils=0.7.0,2026-10-02T20:13:04+00:00
behavior_818585_2026-01-15_13-21-28,818585,BottomCamera,bottom_camera,True,,use,use,aind_dynamic_foraging_behavior_video_analysis=0.2.0; aind_video_utils=0.7.0,2026-10-02T20:10:34+00:00
behavior_818585_2026-01-15_13-21-28,818585,SideCameraRight,side_camera_right,True,,use,use,aind_dynamic_foraging_behavior_video_analysis=0.2.0; aind_video_utils=0.7.0,2026-10-02T20:13:08+00:00
behavior_818585_2026-01-20_13-38-48,818585,BottomCamera,bottom_camera,True,,use,use,aind_dynamic_foraging_behavior_video_analysis=0.2.0; aind_video_utils=0.7.0,2026-10-02T20:10:35+00:00
behavior_818585_2026-01-20_13-38-48,818585,SideCameraRight,side_camera_right,True,,use,use,aind_dynamic_foraging_behavior_video_analysis=0.2.0; aind_video_utils=0.7.0,2026-10-02T20:13:05+00:00
behavior_818585_2026-01-21_13-15-17,818585,BottomCamera,BottomCamera,True,,use,use,aind_dynamic_foraging_behavior_video_analysis=0.2.0; aind_video_utils=0.7.0,2026-10-02T20:10:35+00:00
behavior_818585_2026-01-21_13-15-17,818585,SideCameraRight,SideCameraRight,True,,use,use,aind_dynamic_foraging_behavior_video_analysis=0.2.0; aind_video_utils=0.7.0,2026-10-02T20:13:01+00:00
behavior_818585_2026-01-22_13-16-18,818585,BottomCamera,BottomCamera,True,,use,use,aind_dynamic_foraging_behavior_video_analysis=0.2.0; aind_video_utils=0.7.0,2026-10-02T20:10:38+00:00
behavior_818585_2026-01-22_13-16-18,818585,SideCameraRight,SideCameraRight,True,,use,use,aind_dynamic_foraging_behavior_video_analysis=0.2.0; aind_video_utils=0.7.0,2026-10-02T20:13:08+00:00
behavior_818585_2026-01-23_13-47-39,818585,BottomCamera,BottomCamera,True,,use,use,aind_dynamic_foraging_behavior_video_analysis=0.2.0; aind_video_utils=0.7.0,2026-10-02T20:10:38+00:00
behavior_818585_2026-01-23_13-47-39,818585,SideCameraRight,SideCameraRight,True,,use,use,aind_dynamic_foraging_behavior_video_analysis=0.2.0; aind_video_utils=0.7.0,2026-10-02T20:13:08+00:00
behavior_818585_2026-01-26_14-22-26,818585,BottomCamera,BottomCamera,True,,use,use,aind_dynamic_foraging_behavior_video_analysis=0.2.0; aind_video_utils=0.7.0,2026-10-02T20:13:10+00:00
behavior_818585_2026-01-26_14-22-26,818585,SideCameraRight,SideCameraRight,True,,use,use,aind_dynamic_foraging_behavior_video_analysis=0.2.0; aind_video_utils=0.7.0,2026-10-02T20:15:38+00:00
behavior_818585_2026-01-27_12-58-31,818585,BottomCamera,BottomCamera,True,,use,use,aind_dynamic_foraging_behavior_video_analysis=0.2.0; aind_video_utils=0.7.0,2026-10-02T20:15:22+00:00
behavior_818585_2026-01-27_12-58-31,818585,SideCameraRight,SideCameraRight,True,,use,use,aind_dynamic_foraging_behavior_video_analysis=0.2.0; aind_video_utils=0.7.0,2026-10-02T20:17:40+00:00
behavior_818585_2026-01-28_13-21-00,818585,BottomCamera,BottomCamera,True,,use,use,aind_dynamic_foraging_behavior_video_analysis=0.2.0; aind_video_utils=0.7.0,2026-10-02T20:15:28+00:00
behavior_818585_2026-01-28_13-21-00,818585,SideCameraRight,SideCameraRight,True,,use,use,aind_dynamic_foraging_behavior_video_analysis=0.2.0; aind_video_utils=0.7.0,2026-10-02T20:17:43+00:00
behavior_818585_2026-01-29_13-13-55,818585,BottomCamera,BottomCamera,True,,use,use,aind_dynamic_foraging_behavior_video_analysis=0.2.0; aind_video_utils=0.7.0,2026-10-02T20:15:34+00:00
behavior_818585_2026-01-29_13-13-55,818585,SideCameraRight,SideCameraRight,True,,use,use,aind_dynamic_foraging_behavior_video_analysis=0.2.0; aind_video_utils=0.7.0,2026-10-02T20:17:55+00:00
behavior_818585_2026-01-30_13-24-17,818585,BottomCamera,BottomCamera,True,,use,use,aind_dynamic_foraging_behavior_video_analysis=0.2.0; aind_video_utils=0.7.0,2026-10-02T20:15:36+00:00
behavior_818585_2026-01-30_13-24-17,818585,SideCameraRight,SideCameraRight,True,,use,use,aind_dynamic_foraging_behavior_video_analysis=0.2.0; aind_video_utils=0.7.0,2026-10-02T20:17:54+00:00
behavior_818585_2026-02-02_13-07-54,818585,BottomCamera,BottomCamera,True,,use,use,aind_dynamic_foraging_behavior_video_analysis=0.2.0; aind_video_utils=0.7.0,2026-10-02T20:15:37+00:00
behavior_818585_2026-02-02_13-07-54,818585,SideCameraRight,SideCameraRight,True,,use,use,aind_dynamic_foraging_behavior_video_analysis=0.2.0; aind_video_utils=0.7.0,2026-10-02T20:17:56+00:00
behavior_818585_2026-02-03_13-46-13,818585,BottomCamera,BottomCamera,True,,use,use,aind_dynamic_foraging_behavior_video_analysis=0.2.0; aind_video_utils=0.7.0,2026-10-02T20:15:38+00:00
behavior_818585_2026-02-03_13-46-13,818585,SideCameraRight,SideCameraRight,True,,use,use,aind_dynamic_foraging_behavior_video_analysis=0.2.0; aind_video_utils=0.7.0,2026-10-02T20:18:06+00:00
behavior_818585_2026-02-04_12-48-23,818585,BottomCamera,BottomCamera,False,timing: exclude: harp_evenly_spaced,exclude: harp_evenly_spaced,use,aind_dynamic_foraging_behavior_video_analysis=0.2.0; aind_video_utils=0.7.0,2026-10-02T20:15:38+00:00
behavior_818585_2026-02-04_12-48-23,818585,SideCameraRight,SideCameraRight,False,timing: exclude: harp_evenly_spaced,exclude: harp_evenly_spaced,use,aind_dynamic_foraging_behavior_video_analysis=0.2.0; aind_video_utils=0.7.0,2026-10-02T20:17:56+00:00
behavior_818585_2026-02-05_12-40-01,818585,BottomCamera,BottomCamera,True,,use,use,aind_dynamic_foraging_behavior_video_analysis=0.2.0; aind_video_utils=0.7.0,2026-10-02T20:17:57+00:00
behavior_818585_2026-02-05_12-40-01,818585,SideCameraRight,SideCameraRight,True,,use,use,aind_dynamic_foraging_behavior_video_analysis=0.2.0; aind_video_utils=0.7.0,2026-10-02T20:20:21+00:00
behavior_818585_2026-02-06_13-05-29,818585,BottomCamera,BottomCamera,True,,use,use,aind_dynamic_foraging_behavior_video_analysis=0.2.0; aind_video_utils=0.7.0,2026-10-02T20:20:08+00:00
behavior_818585_2026-02-06_13-05-29,818585,SideCameraRight,SideCameraRight,True,,use,use,aind_dynamic_foraging_behavior_video_analysis=0.2.0; aind_video_utils=0.7.0,2026-10-02T20:22:25+00:00
behavior_818586_2025-12-22_11-02-52,818586,BottomCamera,bottom_camera,True,,use,use,aind_dynamic_foraging_behavior_video_analysis=0.2.0; aind_video_utils=0.7.0,2026-10-02T20:20:14+00:00
behavior_818586_2025-12-22_11-02-52,818586,SideCameraRight,side_camera_right,True,,use,use,aind_dynamic_foraging_behavior_video_analysis=0.2.0; aind_video_utils=0.7.0,2026-10-02T20:22:36+00:00
behavior_818586_2025-12-24_11-03-38,818586,BottomCamera,bottom_camera,True,,use,use,aind_dynamic_foraging_behavior_video_analysis=0.2.0; aind_video_utils=0.7.0,2026-10-02T20:20:16+00:00
behavior_818586_2025-12-24_11-03-38,818586,SideCameraRight,side_camera_right,True,,use,use,aind_dynamic_foraging_behavior_video_analysis=0.2.0; aind_video_utils=0.7.0,2026-10-02T20:22:27+00:00
behavior_818586_2026-01-02_11-11-54,818586,BottomCamera,bottom_camera,True,,use,use,aind_dynamic_foraging_behavior_video_analysis=0.2.0; aind_video_utils=0.7.0,2026-10-02T20:20:16+00:00
behavior_818586_2026-01-02_11-11-54,818586,SideCameraRight,side_camera_right,True,,use,use,aind_dynamic_foraging_behavior_video_analysis=0.2.0; aind_video_utils=0.7.0,2026-10-02T20:22:39+00:00
behavior_818586_2026-01-05_10-09-01,818586,BottomCamera,BottomCamera,True,,use,use,aind_dynamic_foraging_behavior_video_analysis=0.2.0; aind_video_utils=0.7.0,2026-10-02T20:20:20+00:00
behavior_818586_2026-01-05_10-09-01,818586,SideCameraRight,SideCameraRight,False,quality: exclude: pct_clipped_high median <= 3.75,use,exclude: pct_clipped_high median <= 3.75,aind_dynamic_foraging_behavior_video_analysis=0.2.0; aind_video_utils=0.7.0,2026-10-02T20:22:39+00:00
behavior_818586_2026-01-07_09-56-16,818586,BottomCamera,bottom_camera,True,,use,use,aind_dynamic_foraging_behavior_video_analysis=0.2.0; aind_video_utils=0.7.0,2026-10-02T20:20:21+00:00
behavior_818586_2026-01-07_09-56-16,818586,SideCameraRight,side_camera_right,False,quality: exclude: pct_clipped_high median <= 3.75,use,exclude: pct_clipped_high median <= 3.75,aind_dynamic_foraging_behavior_video_analysis=0.2.0; aind_video_utils=0.7.0,2026-10-02T20:22:36+00:00
behavior_818586_2026-01-08_08-45-11,818586,BottomCamera,bottom_camera,True,,use,use,aind_dynamic_foraging_behavior_video_analysis=0.2.0; aind_video_utils=0.7.0,2026-10-02T20:20:23+00:00
behavior_818586_2026-01-08_08-45-11,818586,SideCameraRight,side_camera_right,False,quality: exclude: pct_clipped_high median <= 3.75,use,exclude: pct_clipped_high median <= 3.75,aind_dynamic_foraging_behavior_video_analysis=0.2.0; aind_video_utils=0.7.0,2026-10-02T20:22:34+00:00
behavior_818586_2026-01-09_09-23-20,818586,BottomCamera,bottom_camera,True,,use,use,aind_dynamic_foraging_behavior_video_analysis=0.2.0; aind_video_utils=0.7.0,2026-10-02T20:22:37+00:00
behavior_818586_2026-01-09_09-23-20,818586,SideCameraRight,side_camera_right,False,quality: exclude: pct_clipped_high median <= 3.75,use,exclude: pct_clipped_high median <= 3.75,aind_dynamic_foraging_behavior_video_analysis=0.2.0; aind_video_utils=0.7.0,2026-10-02T20:24:37+00:00
behavior_818586_2026-01-12_09-34-09,818586,BottomCamera,BottomCamera,True,,use,use,aind_dynamic_foraging_behavior_video_analysis=0.2.0; aind_video_utils=0.7.0,2026-10-02T20:24:22+00:00
behavior_818586_2026-01-12_09-34-09,818586,SideCameraRight,SideCameraRight,False,quality: exclude: pct_clipped_high median <= 3.75,use,exclude: pct_clipped_high median <= 3.75,aind_dynamic_foraging_behavior_video_analysis=0.2.0; aind_video_utils=0.7.0,2026-10-02T20:26:45+00:00
behavior_818586_2026-01-13_09-25-36,818586,BottomCamera,BottomCamera,True,,use,use,aind_dynamic_foraging_behavior_video_analysis=0.2.0; aind_video_utils=0.7.0,2026-10-02T20:24:35+00:00
behavior_818586_2026-01-13_09-25-36,818586,SideCameraRight,SideCameraRight,False,quality: exclude: pct_clipped_high median <= 3.75,use,exclude: pct_clipped_high median <= 3.75,aind_dynamic_foraging_behavior_video_analysis=0.2.0; aind_video_utils=0.7.0,2026-10-02T20:26:57+00:00
behavior_818586_2026-01-14_10-02-19,818586,BottomCamera,bottom_camera,True,,use,use,aind_dynamic_foraging_behavior_video_analysis=0.2.0; aind_video_utils=0.7.0,2026-10-02T20:24:38+00:00
behavior_818586_2026-01-14_10-02-19,818586,SideCameraRight,side_camera_right,False,quality: exclude: pct_clipped_high median <= 3.75,use,exclude: pct_clipped_high median <= 3.75,aind_dynamic_foraging_behavior_video_analysis=0.2.0; aind_video_utils=0.7.0,2026-10-02T20:27:02+00:00
behavior_818586_2026-01-15_09-18-12,818586,BottomCamera,bottom_camera,True,,use,use,aind_dynamic_foraging_behavior_video_analysis=0.2.0; aind_video_utils=0.7.0,2026-10-02T20:24:40+00:00
behavior_818586_2026-01-15_09-18-12,818586,SideCameraRight,side_camera_right,False,quality: exclude: pct_clipped_high median <= 3.75,use,exclude: pct_clipped_high median <= 3.75,aind_dynamic_foraging_behavior_video_analysis=0.2.0; aind_video_utils=0.7.0,2026-10-02T20:27:03+00:00
behavior_818586_2026-01-16_09-19-39,818586,BottomCamera,bottom_camera,False,timing: exclude: trigger_log_count,exclude: trigger_log_count,use,aind_dynamic_foraging_behavior_video_analysis=0.2.0; aind_video_utils=0.7.0,2026-10-02T20:24:42+00:00
behavior_818586_2026-01-16_09-19-39,818586,SideCameraRight,side_camera_right,False,timing: exclude: trigger_log_count,exclude: trigger_log_count,exclude: pct_clipped_high median <= 3.75,aind_dynamic_foraging_behavior_video_analysis=0.2.0; aind_video_utils=0.7.0,2026-10-02T20:27:04+00:00
behavior_818586_2026-01-20_08-39-29,818586,BottomCamera,BottomCamera,True,,use,use,aind_dynamic_foraging_behavior_video_analysis=0.2.0; aind_video_utils=0.7.0,2026-10-02T20:24:46+00:00
behavior_818586_2026-01-20_08-39-29,818586,SideCameraRight,SideCameraRight,True,,use,use,aind_dynamic_foraging_behavior_video_analysis=0.2.0; aind_video_utils=0.7.0,2026-10-02T20:27:03+00:00
behavior_818586_2026-01-21_09-43-54,818586,BottomCamera,BottomCamera,True,,use,use,aind_dynamic_foraging_behavior_video_analysis=0.2.0; aind_video_utils=0.7.0,2026-10-02T20:24:47+00:00
behavior_818586_2026-01-21_09-43-54,818586,SideCameraRight,SideCameraRight,False,quality: exclude: pct_clipped_high median <= 3.75,use,exclude: pct_clipped_high median <= 3.75,aind_dynamic_foraging_behavior_video_analysis=0.2.0; aind_video_utils=0.7.0,2026-10-02T20:27:05+00:00
behavior_818586_2026-01-22_08-35-28,818586,BottomCamera,BottomCamera,True,,use,use,aind_dynamic_foraging_behavior_video_analysis=0.2.0; aind_video_utils=0.7.0,2026-10-02T20:26:58+00:00
behavior_818586_2026-01-22_08-35-28,818586,SideCameraRight,SideCameraRight,False,quality: exclude: pct_clipped_high median <= 3.75,use,exclude: pct_clipped_high median <= 3.75,aind_dynamic_foraging_behavior_video_analysis=0.2.0; aind_video_utils=0.7.0,2026-10-02T20:29:19+00:00
behavior_818586_2026-01-23_09-02-54,818586,BottomCamera,BottomCamera,True,,use,use,aind_dynamic_foraging_behavior_video_analysis=0.2.0; aind_video_utils=0.7.0,2026-10-02T20:29:16+00:00
behavior_818586_2026-01-23_09-02-54,818586,SideCameraRight,SideCameraRight,False,quality: exclude: pct_clipped_high median <= 3.75,use,exclude: pct_clipped_high median <= 3.75,aind_dynamic_foraging_behavior_video_analysis=0.2.0; aind_video_utils=0.7.0,2026-10-02T20:31:35+00:00
behavior_818586_2026-01-26_09-29-12,818586,BottomCamera,BottomCamera,True,,use,use,aind_dynamic_foraging_behavior_video_analysis=0.2.0; aind_video_utils=0.7.0,2026-10-02T20:29:20+00:00
behavior_818586_2026-01-26_09-29-12,818586,SideCameraRight,SideCameraRight,False,quality: exclude: pct_clipped_high median <= 3.75,use,exclude: pct_clipped_high median <= 3.75,aind_dynamic_foraging_behavior_video_analysis=0.2.0; aind_video_utils=0.7.0,2026-10-02T20:31:38+00:00
behavior_818586_2026-01-27_09-21-21,818586,BottomCamera,BottomCamera,True,,use,use,aind_dynamic_foraging_behavior_video_analysis=0.2.0; aind_video_utils=0.7.0,2026-10-02T20:29:22+00:00
behavior_818586_2026-01-27_09-21-21,818586,SideCameraRight,SideCameraRight,False,quality: exclude: pct_clipped_high median <= 3.75,use,exclude: pct_clipped_high median <= 3.75,aind_dynamic_foraging_behavior_video_analysis=0.2.0; aind_video_utils=0.7.0,2026-10-02T20:31:29+00:00
behavior_818586_2026-01-28_09-13-06,818586,BottomCamera,BottomCamera,True,,use,use,aind_dynamic_foraging_behavior_video_analysis=0.2.0; aind_video_utils=0.7.0,2026-10-02T20:29:23+00:00
behavior_818586_2026-01-28_09-13-06,818586,SideCameraRight,SideCameraRight,False,quality: exclude: pct_clipped_high median <= 3.75,use,exclude: pct_clipped_high median <= 3.75,aind_dynamic_foraging_behavior_video_analysis=0.2.0; aind_video_utils=0.7.0,2026-10-02T20:31:38+00:00
behavior_818586_2026-01-29_09-33-28,818586,BottomCamera,BottomCamera,True,,use,use,aind_dynamic_foraging_behavior_video_analysis=0.2.0; aind_video_utils=0.7.0,2026-10-02T20:29:25+00:00
behavior_818586_2026-01-29_09-33-28,818586,SideCameraRight,SideCameraRight,False,quality: exclude: pct_clipped_high median <= 3.75,use,exclude: pct_clipped_high median <= 3.75,aind_dynamic_foraging_behavior_video_analysis=0.2.0; aind_video_utils=0.7.0,2026-10-02T20:31:33+00:00
behavior_818586_2026-01-30_09-36-27,818586,BottomCamera,BottomCamera,True,,use,use,aind_dynamic_foraging_behavior_video_analysis=0.2.0; aind_video_utils=0.7.0,2026-10-02T20:29:29+00:00
behavior_818586_2026-01-30_09-36-27,818586,SideCameraRight,SideCameraRight,False,quality: exclude: pct_clipped_high median <= 3.75,use,exclude: pct_clipped_high median <= 3.75,aind_dynamic_foraging_behavior_video_analysis=0.2.0; aind_video_utils=0.7.0,2026-10-02T20:31:36+00:00
behavior_818586_2026-02-03_08-58-56,818586,BottomCamera,BottomCamera,True,,use,use,aind_dynamic_foraging_behavior_video_analysis=0.2.0; aind_video_utils=0.7.0,2026-10-02T20:30:53+00:00
behavior_818586_2026-02-03_08-58-56,818586,SideCameraRight,SideCameraRight,False,quality: exclude: pct_clipped_high median <= 3.75,use,exclude: pct_clipped_high median <= 3.75,aind_dynamic_foraging_behavior_video_analysis=0.2.0; aind_video_utils=0.7.0,2026-10-02T20:31:47+00:00
behavior_818586_2026-02-04_09-06-30,818586,BottomCamera,BottomCamera,True,,use,use,aind_dynamic_foraging_behavior_video_analysis=0.2.0; aind_video_utils=0.7.0,2026-10-02T20:31:39+00:00
behavior_818586_2026-02-04_09-06-30,818586,SideCameraRight,SideCameraRight,False,quality: exclude: pct_clipped_high median <= 3.75,use,exclude: pct_clipped_high median <= 3.75,aind_dynamic_foraging_behavior_video_analysis=0.2.0; aind_video_utils=0.7.0,2026-10-02T20:33:39+00:00
behavior_820688_2025-12-05_09-43-38,820688,BottomCamera,bottom_camera,True,,use,use,aind_dynamic_foraging_behavior_video_analysis=0.2.0; aind_video_utils=0.7.0,2026-10-02T20:33:22+00:00
behavior_820688_2025-12-05_09-43-38,820688,SideCameraRight,side_camera_right,True,,use,use,aind_dynamic_foraging_behavior_video_analysis=0.2.0; aind_video_utils=0.7.0,2026-10-02T20:35:27+00:00
behavior_820688_2025-12-08_09-25-11,820688,BottomCamera,bottom_camera,True,,use,use,aind_dynamic_foraging_behavior_video_analysis=0.2.0; aind_video_utils=0.7.0,2026-10-02T20:33:31+00:00
behavior_820688_2025-12-08_09-25-11,820688,SideCameraRight,side_camera_right,True,,use,use,aind_dynamic_foraging_behavior_video_analysis=0.2.0; aind_video_utils=0.7.0,2026-10-02T20:35:50+00:00
behavior_820688_2025-12-09_09-04-03,820688,BottomCamera,bottom_camera,True,,use,use,aind_dynamic_foraging_behavior_video_analysis=0.2.0; aind_video_utils=0.7.0,2026-10-02T20:33:35+00:00
behavior_820688_2025-12-09_09-04-03,820688,SideCameraRight,side_camera_right,True,,use,use,aind_dynamic_foraging_behavior_video_analysis=0.2.0; aind_video_utils=0.7.0,2026-10-02T20:35:37+00:00
behavior_820688_2025-12-10_09-36-25,820688,BottomCamera,bottom_camera,False,timing: exclude: harp_evenly_spaced,exclude: harp_evenly_spaced,use,aind_dynamic_foraging_behavior_video_analysis=0.2.0; aind_video_utils=0.7.0,2026-10-02T20:33:37+00:00
behavior_820688_2025-12-10_09-36-25,820688,SideCameraRight,side_camera_right,False,timing: exclude: harp_evenly_spaced,exclude: harp_evenly_spaced,use,aind_dynamic_foraging_behavior_video_analysis=0.2.0; aind_video_utils=0.7.0,2026-10-02T20:35:53+00:00
behavior_820688_2025-12-11_09-48-11,820688,BottomCamera,bottom_camera,True,,use,use,aind_dynamic_foraging_behavior_video_analysis=0.2.0; aind_video_utils=0.7.0,2026-10-02T20:33:37+00:00
behavior_820688_2025-12-11_09-48-11,820688,SideCameraRight,side_camera_right,True,,use,use,aind_dynamic_foraging_behavior_video_analysis=0.2.0; aind_video_utils=0.7.0,2026-10-02T20:35:53+00:00
behavior_820688_2025-12-12_09-51-29,820688,BottomCamera,bottom_camera,True,,use,use,aind_dynamic_foraging_behavior_video_analysis=0.2.0; aind_video_utils=0.7.0,2026-10-02T20:33:39+00:00
behavior_820688_2025-12-12_09-51-29,820688,SideCameraRight,side_camera_right,True,,use,use,aind_dynamic_foraging_behavior_video_analysis=0.2.0; aind_video_utils=0.7.0,2026-10-02T20:36:02+00:00
behavior_820688_2025-12-15_09-43-32,820688,BottomCamera,bottom_camera,True,,use,use,aind_dynamic_foraging_behavior_video_analysis=0.2.0; aind_video_utils=0.7.0,2026-10-02T20:33:41+00:00
behavior_820688_2025-12-15_09-43-32,820688,SideCameraRight,side_camera_right,True,,use,use,aind_dynamic_foraging_behavior_video_analysis=0.2.0; aind_video_utils=0.7.0,2026-10-02T20:35:59+00:00
behavior_820688_2025-12-16_09-47-13,820688,BottomCamera,bottom_camera,False,timing: exclude: harp_evenly_spaced,exclude: harp_evenly_spaced,use,aind_dynamic_foraging_behavior_video_analysis=0.2.0; aind_video_utils=0.7.0,2026-10-02T20:35:53+00:00
behavior_820688_2025-12-16_09-47-13,820688,SideCameraRight,side_camera_right,False,timing: exclude: harp_evenly_spaced,exclude: harp_evenly_spaced,use,aind_dynamic_foraging_behavior_video_analysis=0.2.0; aind_video_utils=0.7.0,2026-10-02T20:38:07+00:00
behavior_820688_2025-12-24_12-28-55,820688,BottomCamera,bottom_camera,True,,use,use,aind_dynamic_foraging_behavior_video_analysis=0.2.0; aind_video_utils=0.7.0,2026-10-02T20:37:47+00:00
behavior_820688_2025-12-24_12-28-55,820688,SideCameraRight,side_camera_right,True,,use,use,aind_dynamic_foraging_behavior_video_analysis=0.2.0; aind_video_utils=0.7.0,2026-10-02T20:40:13+00:00
behavior_820688_2026-01-06_13-24-58,820688,BottomCamera,bottom_camera,True,,use,use,aind_dynamic_foraging_behavior_video_analysis=0.2.0; aind_video_utils=0.7.0,2026-10-02T20:38:02+00:00
behavior_820688_2026-01-06_13-24-58,820688,SideCameraRight,side_camera_right,True,,use,use,aind_dynamic_foraging_behavior_video_analysis=0.2.0; aind_video_utils=0.7.0,2026-10-02T20:40:24+00:00
behavior_820688_2026-01-07_13-18-37,820688,BottomCamera,bottom_camera,True,,use,use,aind_dynamic_foraging_behavior_video_analysis=0.2.0; aind_video_utils=0.7.0,2026-10-02T20:38:10+00:00
behavior_820688_2026-01-07_13-18-37,820688,SideCameraRight,side_camera_right,True,,use,use,aind_dynamic_foraging_behavior_video_analysis=0.2.0; aind_video_utils=0.7.0,2026-10-02T20:40:28+00:00
behavior_820688_2026-01-08_13-07-41,820688,BottomCamera,bottom_camera,False,timing: exclude: trigger_log_count,exclude: trigger_log_count,use,aind_dynamic_foraging_behavior_video_analysis=0.2.0; aind_video_utils=0.7.0,2026-10-02T20:38:11+00:00
behavior_820688_2026-01-08_13-07-41,820688,SideCameraRight,side_camera_right,True,,use,use,aind_dynamic_foraging_behavior_video_analysis=0.2.0; aind_video_utils=0.7.0,2026-10-02T20:40:31+00:00
behavior_820688_2026-01-09_14-11-54,820688,BottomCamera,bottom_camera,True,,use,use,aind_dynamic_foraging_behavior_video_analysis=0.2.0; aind_video_utils=0.7.0,2026-10-02T20:38:17+00:00
behavior_820688_2026-01-09_14-11-54,820688,SideCameraRight,side_camera_right,True,,use,use,aind_dynamic_foraging_behavior_video_analysis=0.2.0; aind_video_utils=0.7.0,2026-10-02T20:40:37+00:00
behavior_820688_2026-01-12_14-24-50,820688,BottomCamera,bottom_camera,True,,use,use,aind_dynamic_foraging_behavior_video_analysis=0.2.0; aind_video_utils=0.7.0,2026-10-02T20:38:17+00:00
behavior_820688_2026-01-12_14-24-50,820688,SideCameraRight,side_camera_right,True,,use,use,aind_dynamic_foraging_behavior_video_analysis=0.2.0; aind_video_utils=0.7.0,2026-10-02T20:40:33+00:00
behavior_820688_2026-01-13_14-16-10,820688,BottomCamera,bottom_camera,True,,use,use,aind_dynamic_foraging_behavior_video_analysis=0.2.0; aind_video_utils=0.7.0,2026-10-02T20:38:18+00:00
behavior_820688_2026-01-13_14-16-10,820688,SideCameraRight,side_camera_right,True,,use,use,aind_dynamic_foraging_behavior_video_analysis=0.2.0; aind_video_utils=0.7.0,2026-10-02T20:40:32+00:00
behavior_820688_2026-01-14_13-28-51,820688,BottomCamera,bottom_camera,True,,use,use,aind_dynamic_foraging_behavior_video_analysis=0.2.0; aind_video_utils=0.7.0,2026-10-02T20:40:23+00:00
behavior_820688_2026-01-14_13-28-51,820688,SideCameraRight,side_camera_right,True,,use,use,aind_dynamic_foraging_behavior_video_analysis=0.2.0; aind_video_utils=0.7.0,2026-10-02T20:42:51+00:00
behavior_820688_2026-01-15_13-31-24,820688,BottomCamera,bottom_camera,True,,use,use,aind_dynamic_foraging_behavior_video_analysis=0.2.0; aind_video_utils=0.7.0,2026-10-02T20:42:45+00:00
behavior_820688_2026-01-15_13-31-24,820688,SideCameraRight,side_camera_right,True,,use,use,aind_dynamic_foraging_behavior_video_analysis=0.2.0; aind_video_utils=0.7.0,2026-10-02T20:45:24+00:00
behavior_820688_2026-01-20_13-33-55,820688,BottomCamera,bottom_camera,True,,use,use,aind_dynamic_foraging_behavior_video_analysis=0.2.0; aind_video_utils=0.7.0,2026-10-02T20:42:45+00:00
behavior_820688_2026-01-20_13-33-55,820688,SideCameraRight,side_camera_right,True,,use,use,aind_dynamic_foraging_behavior_video_analysis=0.2.0; aind_video_utils=0.7.0,2026-10-02T20:45:24+00:00
behavior_820688_2026-01-21_13-11-58,820688,BottomCamera,BottomCamera,True,,use,use,aind_dynamic_foraging_behavior_video_analysis=0.2.0; aind_video_utils=0.7.0,2026-10-02T20:42:47+00:00
behavior_820688_2026-01-21_13-11-58,820688,SideCameraRight,SideCameraRight,False,timing: exclude: trigger_log_count,exclude: trigger_log_count,use,aind_dynamic_foraging_behavior_video_analysis=0.2.0; aind_video_utils=0.7.0,2026-10-02T20:45:25+00:00
behavior_820688_2026-01-22_13-20-25,820688,BottomCamera,BottomCamera,True,,use,use,aind_dynamic_foraging_behavior_video_analysis=0.2.0; aind_video_utils=0.7.0,2026-10-02T20:42:50+00:00
behavior_820688_2026-01-22_13-20-25,820688,SideCameraRight,SideCameraRight,True,,use,use,aind_dynamic_foraging_behavior_video_analysis=0.2.0; aind_video_utils=0.7.0,2026-10-02T20:45:26+00:00
behavior_820688_2026-01-23_13-49-44,820688,BottomCamera,BottomCamera,False,timing: exclude: harp_evenly_spaced,exclude: harp_evenly_spaced,use,aind_dynamic_foraging_behavior_video_analysis=0.2.0; aind_video_utils=0.7.0,2026-10-02T20:42:51+00:00
behavior_820688_2026-01-23_13-49-44,820688,SideCameraRight,SideCameraRight,False,timing: exclude: harp_evenly_spaced,exclude: harp_evenly_spaced,use,aind_dynamic_foraging_behavior_video_analysis=0.2.0; aind_video_utils=0.7.0,2026-10-02T20:45:25+00:00
behavior_820688_2026-01-26_14-19-33,820688,BottomCamera,BottomCamera,False,timing: exclude: harp_evenly_spaced,exclude: harp_evenly_spaced,use,aind_dynamic_foraging_behavior_video_analysis=0.2.0; aind_video_utils=0.7.0,2026-10-02T20:42:52+00:00
behavior_820688_2026-01-26_14-19-33,820688,SideCameraRight,SideCameraRight,False,timing: exclude: harp_evenly_spaced,exclude: harp_evenly_spaced,use,aind_dynamic_foraging_behavior_video_analysis=0.2.0; aind_video_utils=0.7.0,2026-10-02T20:45:28+00:00
behavior_820688_2026-01-27_13-02-14,820688,BottomCamera,BottomCamera,False,quality: exclude: sharpness_dev <= 0.45,use,exclude: sharpness_dev <= 0.45,aind_dynamic_foraging_behavior_video_analysis=0.2.0; aind_video_utils=0.7.0,2026-10-02T20:42:53+00:00
behavior_820688_2026-01-27_13-02-14,820688,SideCameraRight,SideCameraRight,False,quality: exclude: sharpness_dev <= 0.45,use,exclude: sharpness_dev <= 0.45,aind_dynamic_foraging_behavior_video_analysis=0.2.0; aind_video_utils=0.7.0,2026-10-02T20:45:28+00:00
behavior_820688_2026-01-28_13-14-58,820688,BottomCamera,BottomCamera,True,,use,use,aind_dynamic_foraging_behavior_video_analysis=0.2.0; aind_video_utils=0.7.0,2026-10-02T20:45:17+00:00
behavior_820688_2026-01-28_13-14-58,820688,SideCameraRight,SideCameraRight,True,,use,use,aind_dynamic_foraging_behavior_video_analysis=0.2.0; aind_video_utils=0.7.0,2026-10-02T20:47:38+00:00
behavior_820688_2026-01-29_13-10-50,820688,BottomCamera,BottomCamera,True,,use,use,aind_dynamic_foraging_behavior_video_analysis=0.2.0; aind_video_utils=0.7.0,2026-10-02T20:47:21+00:00
behavior_820688_2026-01-29_13-10-50,820688,SideCameraRight,SideCameraRight,True,,use,use,aind_dynamic_foraging_behavior_video_analysis=0.2.0; aind_video_utils=0.7.0,2026-10-02T20:49:27+00:00
behavior_820688_2026-01-30_13-20-36,820688,BottomCamera,BottomCamera,True,,use,use,aind_dynamic_foraging_behavior_video_analysis=0.2.0; aind_video_utils=0.7.0,2026-10-02T20:47:32+00:00
behavior_820688_2026-01-30_13-20-36,820688,SideCameraRight,SideCameraRight,True,,use,use,aind_dynamic_foraging_behavior_video_analysis=0.2.0; aind_video_utils=0.7.0,2026-10-02T20:49:40+00:00
behavior_820688_2026-02-02_12-45-41,820688,BottomCamera,BottomCamera,True,,use,use,aind_dynamic_foraging_behavior_video_analysis=0.2.0; aind_video_utils=0.7.0,2026-10-02T20:47:35+00:00
behavior_820688_2026-02-02_12-45-41,820688,SideCameraRight,SideCameraRight,True,,use,use,aind_dynamic_foraging_behavior_video_analysis=0.2.0; aind_video_utils=0.7.0,2026-10-02T20:49:36+00:00
behavior_820688_2026-02-03_13-20-53,820688,BottomCamera,BottomCamera,True,,use,use,aind_dynamic_foraging_behavior_video_analysis=0.2.0; aind_video_utils=0.7.0,2026-10-02T20:47:36+00:00
behavior_820688_2026-02-03_13-20-53,820688,SideCameraRight,SideCameraRight,True,,use,use,aind_dynamic_foraging_behavior_video_analysis=0.2.0; aind_video_utils=0.7.0,2026-10-02T20:49:43+00:00
behavior_820688_2026-02-04_12-54-19,820688,BottomCamera,BottomCamera,True,,use,use,aind_dynamic_foraging_behavior_video_analysis=0.2.0; aind_video_utils=0.7.0,2026-10-02T20:47:37+00:00
behavior_820688_2026-02-04_12-54-19,820688,SideCameraRight,SideCameraRight,True,,use,use,aind_dynamic_foraging_behavior_video_analysis=0.2.0; aind_video_utils=0.7.0,2026-10-02T20:49:47+00:00
behavior_820688_2026-02-05_12-46-24,820688,BottomCamera,BottomCamera,True,,use,use,aind_dynamic_foraging_behavior_video_analysis=0.2.0; aind_video_utils=0.7.0,2026-10-02T20:47:39+00:00
behavior_820688_2026-02-05_12-46-24,820688,SideCameraRight,SideCameraRight,True,,use,use,aind_dynamic_foraging_behavior_video_analysis=0.2.0; aind_video_utils=0.7.0,2026-10-02T20:49:51+00:00
behavior_820688_2026-02-06_13-07-54,820688,BottomCamera,BottomCamera,True,,use,use,aind_dynamic_foraging_behavior_video_analysis=0.2.0; aind_video_utils=0.7.0,2026-10-02T20:47:39+00:00
behavior_820688_2026-02-06_13-07-54,820688,SideCameraRight,SideCameraRight,True,,use,use,aind_dynamic_foraging_behavior_video_analysis=0.2.0; aind_video_utils=0.7.0,2026-10-02T20:49:49+00:00
behavior_820691_2026-01-05_09-00-15,820691,BottomCamera,bottom_camera,True,,use,use,aind_dynamic_foraging_behavior_video_analysis=0.2.0; aind_video_utils=0.7.0,2026-10-02T20:49:48+00:00
behavior_820691_2026-01-05_09-00-15,820691,SideCameraRight,side_camera_right,True,,use,use,aind_dynamic_foraging_behavior_video_analysis=0.2.0; aind_video_utils=0.7.0,2026-10-02T20:51:59+00:00
behavior_820691_2026-01-06_08-10-11,820691,BottomCamera,bottom_camera,True,,use,use,aind_dynamic_foraging_behavior_video_analysis=0.2.0; aind_video_utils=0.7.0,2026-10-02T20:51:38+00:00
behavior_820691_2026-01-06_08-10-11,820691,SideCameraRight,side_camera_right,True,,use,use,aind_dynamic_foraging_behavior_video_analysis=0.2.0; aind_video_utils=0.7.0,2026-10-02T20:54:01+00:00
behavior_820691_2026-01-07_08-37-53,820691,BottomCamera,bottom_camera,True,,use,use,aind_dynamic_foraging_behavior_video_analysis=0.2.0; aind_video_utils=0.7.0,2026-10-02T20:51:42+00:00
behavior_820691_2026-01-07_08-37-53,820691,SideCameraRight,side_camera_right,True,,use,use,aind_dynamic_foraging_behavior_video_analysis=0.2.0; aind_video_utils=0.7.0,2026-10-02T20:54:02+00:00
behavior_820691_2026-01-08_08-07-40,820691,BottomCamera,bottom_camera,True,,use,use,aind_dynamic_foraging_behavior_video_analysis=0.2.0; aind_video_utils=0.7.0,2026-10-02T20:51:49+00:00
behavior_820691_2026-01-08_08-07-40,820691,SideCameraRight,side_camera_right,True,,use,use,aind_dynamic_foraging_behavior_video_analysis=0.2.0; aind_video_utils=0.7.0,2026-10-02T20:54:13+00:00
behavior_820691_2026-01-09_08-50-22,820691,BottomCamera,bottom_camera,True,,use,use,aind_dynamic_foraging_behavior_video_analysis=0.2.0; aind_video_utils=0.7.0,2026-10-02T20:51:55+00:00
behavior_820691_2026-01-09_08-50-22,820691,SideCameraRight,side_camera_right,True,,use,use,aind_dynamic_foraging_behavior_video_analysis=0.2.0; aind_video_utils=0.7.0,2026-10-02T20:54:14+00:00
behavior_820691_2026-01-12_08-52-58,820691,BottomCamera,bottom_camera,True,,use,use,aind_dynamic_foraging_behavior_video_analysis=0.2.0; aind_video_utils=0.7.0,2026-10-02T20:51:56+00:00
behavior_820691_2026-01-12_08-52-58,820691,SideCameraRight,side_camera_right,True,,use,use,aind_dynamic_foraging_behavior_video_analysis=0.2.0; aind_video_utils=0.7.0,2026-10-02T20:54:28+00:00
behavior_820691_2026-01-13_08-06-28,820691,BottomCamera,bottom_camera,True,,use,use,aind_dynamic_foraging_behavior_video_analysis=0.2.0; aind_video_utils=0.7.0,2026-10-02T20:51:57+00:00
behavior_820691_2026-01-13_08-06-28,820691,SideCameraRight,side_camera_right,True,,use,use,aind_dynamic_foraging_behavior_video_analysis=0.2.0; aind_video_utils=0.7.0,2026-10-02T20:54:27+00:00
behavior_820691_2026-01-14_08-23-45,820691,BottomCamera,bottom_camera,True,,use,use,aind_dynamic_foraging_behavior_video_analysis=0.2.0; aind_video_utils=0.7.0,2026-10-02T20:51:57+00:00
behavior_820691_2026-01-14_08-23-45,820691,SideCameraRight,side_camera_right,True,,use,use,aind_dynamic_foraging_behavior_video_analysis=0.2.0; aind_video_utils=0.7.0,2026-10-02T20:54:16+00:00
behavior_820691_2026-01-15_09-18-30,820691,BottomCamera,bottom_camera,True,,use,use,aind_dynamic_foraging_behavior_video_analysis=0.2.0; aind_video_utils=0.7.0,2026-10-02T20:54:31+00:00
behavior_820691_2026-01-15_09-18-30,820691,SideCameraRight,side_camera_right,True,,use,use,aind_dynamic_foraging_behavior_video_analysis=0.2.0; aind_video_utils=0.7.0,2026-10-02T20:56:29+00:00
behavior_820691_2026-01-16_09-13-28,820691,BottomCamera,bottom_camera,True,,use,use,aind_dynamic_foraging_behavior_video_analysis=0.2.0; aind_video_utils=0.7.0,2026-10-02T20:56:25+00:00
behavior_820691_2026-01-16_09-13-28,820691,SideCameraRight,side_camera_right,True,,use,use,aind_dynamic_foraging_behavior_video_analysis=0.2.0; aind_video_utils=0.7.0,2026-10-02T21:52:28+00:00
behavior_820691_2026-01-20_08-25-12,820691,BottomCamera,bottom_camera,False,timing: exclude: harp_evenly_spaced,exclude: harp_evenly_spaced,use,aind_dynamic_foraging_behavior_video_analysis=0.2.0; aind_video_utils=0.7.0,2026-10-02T20:56:25+00:00
behavior_820691_2026-01-20_08-25-12,820691,SideCameraRight,side_camera_right,False,timing: exclude: harp_evenly_spaced,exclude: harp_evenly_spaced,use,aind_dynamic_foraging_behavior_video_analysis=0.2.0; aind_video_utils=0.7.0,2026-10-02T20:58:58+00:00
behavior_820691_2026-01-21_09-30-09,820691,BottomCamera,BottomCamera,True,,use,use,aind_dynamic_foraging_behavior_video_analysis=0.2.0; aind_video_utils=0.7.0,2026-10-02T20:56:25+00:00
behavior_820691_2026-01-21_09-30-09,820691,SideCameraRight,SideCameraRight,True,,use,use,aind_dynamic_foraging_behavior_video_analysis=0.2.0; aind_video_utils=0.7.0,2026-10-02T20:59:02+00:00
behavior_820691_2026-01-22_09-01-30,820691,BottomCamera,BottomCamera,True,,use,use,aind_dynamic_foraging_behavior_video_analysis=0.2.0; aind_video_utils=0.7.0,2026-10-02T20:56:27+00:00
behavior_820691_2026-01-22_09-01-30,820691,SideCameraRight,SideCameraRight,True,,use,use,aind_dynamic_foraging_behavior_video_analysis=0.2.0; aind_video_utils=0.7.0,2026-10-02T20:59:01+00:00
behavior_820691_2026-01-23_09-09-17,820691,BottomCamera,BottomCamera,False,timing: exclude: harp_evenly_spaced,exclude: harp_evenly_spaced,use,aind_dynamic_foraging_behavior_video_analysis=0.2.0; aind_video_utils=0.7.0,2026-10-02T20:56:30+00:00
behavior_820691_2026-01-23_09-09-17,820691,SideCameraRight,SideCameraRight,False,timing: exclude: harp_evenly_spaced,exclude: harp_evenly_spaced,use,aind_dynamic_foraging_behavior_video_analysis=0.2.0; aind_video_utils=0.7.0,2026-10-02T21:52:28+00:00
behavior_820691_2026-01-26_09-03-44,820691,BottomCamera,BottomCamera,False,timing: exclude: harp_evenly_spaced,exclude: harp_evenly_spaced,use,aind_dynamic_foraging_behavior_video_analysis=0.2.0; aind_video_utils=0.7.0,2026-10-02T20:56:30+00:00
behavior_820691_2026-01-26_09-03-44,820691,SideCameraRight,SideCameraRight,False,timing: exclude: harp_evenly_spaced,exclude: harp_evenly_spaced,use,aind_dynamic_foraging_behavior_video_analysis=0.2.0; aind_video_utils=0.7.0,2026-10-02T20:59:13+00:00
behavior_820691_2026-01-27_09-10-21,820691,BottomCamera,BottomCamera,True,,use,use,aind_dynamic_foraging_behavior_video_analysis=0.2.0; aind_video_utils=0.7.0,2026-10-02T20:56:31+00:00
behavior_820691_2026-01-27_09-10-21,820691,SideCameraRight,SideCameraRight,True,,use,use,aind_dynamic_foraging_behavior_video_analysis=0.2.0; aind_video_utils=0.7.0,2026-10-02T20:59:11+00:00
behavior_820691_2026-01-28_09-05-51,820691,BottomCamera,BottomCamera,True,,use,use,aind_dynamic_foraging_behavior_video_analysis=0.2.0; aind_video_utils=0.7.0,2026-10-02T20:59:12+00:00
behavior_820691_2026-01-28_09-05-51,820691,SideCameraRight,SideCameraRight,True,,use,use,aind_dynamic_foraging_behavior_video_analysis=0.2.0; aind_video_utils=0.7.0,2026-10-02T21:04:22+00:00
behavior_820691_2026-01-29_09-18-07,820691,BottomCamera,BottomCamera,True,,use,use,aind_dynamic_foraging_behavior_video_analysis=0.2.0; aind_video_utils=0.7.0,2026-10-02T21:03:53+00:00
behavior_820691_2026-01-29_09-18-07,820691,SideCameraRight,SideCameraRight,True,,use,use,aind_dynamic_foraging_behavior_video_analysis=0.2.0; aind_video_utils=0.7.0,2026-10-02T21:05:22+00:00
behavior_820691_2026-01-30_09-01-46,820691,BottomCamera,BottomCamera,True,,use,use,aind_dynamic_foraging_behavior_video_analysis=0.2.0; aind_video_utils=0.7.0,2026-10-02T21:03:53+00:00
behavior_820691_2026-01-30_09-01-46,820691,SideCameraRight,SideCameraRight,True,,use,use,aind_dynamic_foraging_behavior_video_analysis=0.2.0; aind_video_utils=0.7.0,2026-10-02T21:05:15+00:00
behavior_820691_2026-02-02_09-10-28,820691,BottomCamera,BottomCamera,True,,use,use,aind_dynamic_foraging_behavior_video_analysis=0.2.0; aind_video_utils=0.7.0,2026-10-02T21:04:22+00:00
behavior_820691_2026-02-02_09-10-28,820691,SideCameraRight,SideCameraRight,True,,use,use,aind_dynamic_foraging_behavior_video_analysis=0.2.0; aind_video_utils=0.7.0,2026-10-02T21:05:53+00:00
behavior_820691_2026-02-04_08-35-42,820691,BottomCamera,BottomCamera,True,,use,use,aind_dynamic_foraging_behavior_video_analysis=0.2.0; aind_video_utils=0.7.0,2026-10-02T21:04:23+00:00
behavior_820691_2026-02-04_08-35-42,820691,SideCameraRight,SideCameraRight,True,,use,use,aind_dynamic_foraging_behavior_video_analysis=0.2.0; aind_video_utils=0.7.0,2026-10-02T21:05:45+00:00
behavior_820691_2026-02-05_09-57-56,820691,BottomCamera,BottomCamera,True,,use,use,aind_dynamic_foraging_behavior_video_analysis=0.2.0; aind_video_utils=0.7.0,2026-10-02T21:04:58+00:00
behavior_820691_2026-02-05_09-57-56,820691,SideCameraRight,SideCameraRight,True,,use,use,aind_dynamic_foraging_behavior_video_analysis=0.2.0; aind_video_utils=0.7.0,2026-10-02T21:06:19+00:00
behavior_820691_2026-02-06_08-28-25,820691,BottomCamera,BottomCamera,True,,use,use,aind_dynamic_foraging_behavior_video_analysis=0.2.0; aind_video_utils=0.7.0,2026-10-02T21:05:10+00:00
behavior_820691_2026-02-06_08-28-25,820691,SideCameraRight,SideCameraRight,True,,use,use,aind_dynamic_foraging_behavior_video_analysis=0.2.0; aind_video_utils=0.7.0,2026-10-02T21:06:37+00:00
